42:39,3,1,-3.2,7.3,2,07:30:41, 
23:22,1,1,2.8,19.9,3,07:30:59, 
23:22,2,1,3.5,34.8,5,07:30:59, 
23:22,3,1,4.1,22.1,3,07:30:59, 
89:14,1,1,-0.2,18.4,3,07:31:04, 
89:14,2,1,-0.5,10.0,2,07:31:04, 
89:14,3,1,-0.8,34.1,5,07:31:04, 
60:33,1,1,0.7,18.7,3,07:31:06, 
60:33,2,1,2.2,31.3,4,07:31:06, 
60:33,3,1,3.7,32.5,4,07:31:06, 
115:12,1,1,1.0,34.6,5,07:31:07, 
115:12,2,1,3.0,43.7,6,07:31:07, 
115:12,3,1,5.0,44.8,6,07:31:07, 
90:40,1,1,0.8,11.7,2,07:31:08, 
12:48,1,1,0.0,46.4,7,07:31:14, 
12:48,2,1,0.0,24.6,4,07:31:14, 
12:48,3,1,-0.0,31.2,4,07:31:14, 
108:48,2,1,-0.0,20.9,3,07:31:14, 
124:42,3,1,16.3,97.5,13,07:31:16, 
124:42,4,1,15.1,84.9,10,07:31:16, 
49:102,2,1,3.4,16.1,2,07:31:17, 
133:130,3,1,-0.1,30.6,5,07:31:20, 
8:7,2,1,-0.1,11.5,2,07:31:22, 
74:63,1,1,-0.0,14.1,2,07:31:27, 
89:14,3,1,-0.8,47.4,7,07:31:27, 
63:54,1,1,24.2,41.5,3,07:31:32, 
63:54,2,1,24.0,56.5,5,07:31:32, 
63:54,3,1,23.9,40.8,3,07:31:32, 
57:19,1,1,-0.0,10.1,2,07:31:35, 
79:82,1,1,-0.0,10.9,2,07:31:36, 
36:24,1,1,9.2,27.7,3,07:31:38, 
36:24,2,1,9.9,21.2,2,07:31:38, 
10:6,3,1,-0.0,11.0,2,07:31:41, 
78:23,1,1,0.6,94.1,14,07:31:43, 
78:23,2,1,1.8,66.3,10,07:31:43, 
78:23,3,1,3.0,53.8,8,07:31:43, 
133:18,1,1,13.5,73.6,9,07:31:45, 
133:18,2,1,10.5,56.4,7,07:31:45, 
133:18,3,1,7.5,18.0,2,07:31:45, 
133:18,3,2,36.7,59.6,2,07:31:45, 
14:37,1,1,-0.1,30.2,5,07:31:48, 
14:37,2,1,-0.3,20.8,4,07:31:48, 
38:39,2,1,0.0,10.5,2,07:31:53, 
123:41,1,1,1.9,17.0,3,07:31:55, 
86:41,2,1,1.0,42.2,7,07:31:55, 
86:41,3,1,1.7,25.4,4,07:31:55, 
20:130,1,1,3.8,14.3,2,07:31:55, 
20:130,3,1,5.0,15.6,2,07:31:55, 
110:48,2,1,0.0,55.4,8,07:31:57, 
110:48,3,1,-0.0,40.1,6,07:31:57, 
38:75,3,1,0.2,8.6,2,07:31:57, 
112:89,1,1,0.7,11.1,2,07:31:57, 
48:12,1,1,-3.4,30.3,5,07:31:59, 
48:12,2,1,-5.7,20.6,4,07:31:59, 
48:12,3,1,-8.0,3.0,2,07:31:59, 
87:20,1,1,-0.0,24.9,4,07:32:00, 
87:20,2,1,-0.1,11.6,2,07:32:00, 
87:20,3,1,-0.2,74.4,10,07:32:00,*
87:20,4,1,-0.2,78.4,12,07:32:00,*
130:20,1,1,4.3,15.9,2,07:32:00, 
130:20,2,1,3.4,21.9,3,07:32:00, 
72:31,1,1,1.1,59.9,9,07:32:00, 
72:31,2,1,3.3,58.5,8,07:32:00, 
72:31,3,1,5.5,47.1,6,07:32:00, 
46:8,1,1,-0.0,48.8,7,07:32:05, 
46:8,2,1,0.0,36.8,6,07:32:05, 
54:40,1,1,24.6,72.1,7,07:32:06, 
54:40,2,1,24.2,76.2,8,07:32:06,*
54:40,3,1,23.4,56.6,5,07:32:06, 
77:9,3,1,-2.0,11.3,2,07:32:09, 
145:22,1,1,-0.0,26.4,4,07:32:11, 
145:22,3,1,-0.0,31.1,4,07:32:11, 
145:22,4,1,-0.0,21.8,3,07:32:11, 
19:134,1,1,-0.6,16.8,3,07:32:11, 
19:134,2,1,-1.9,14.2,3,07:32:11, 
19:134,3,1,-3.2,6.8,2,07:32:11, 
137:133,1,1,0.1,32.9,5,07:32:12, 
137:133,2,1,0.2,21.3,3,07:32:12, 
137:133,3,1,0.3,25.6,4,07:32:12, 
128:42,1,1,0.9,52.2,8,07:32:14, 
128:42,2,1,2.6,48.5,7,07:32:14, 
111:12,1,1,-1.5,28.4,5,07:32:18, 
111:12,2,1,-4.4,90.0,14,07:32:18, 
111:12,3,1,-7.3,28.8,6,07:32:18, 
40:7,1,1,0.0,10.8,2,07:32:20, 
40:7,4,1,0.3,17.5,3,07:32:20, 
3:2,2,1,-0.4,16.8,2,07:32:22, 
3:2,3,1,-0.3,16.3,3,07:32:22, 
26:14,1,1,-0.2,140.1,20,07:32:24, 
26:14,2,1,-0.5,22.9,4,07:32:24, 
26:14,3,1,-0.8,16.1,3,07:32:24, 
50:54,1,1,-0.3,39.1,6,07:32:30,*
50:54,2,1,-0.9,18.8,3,07:32:30, 
50:54,3,1,-1.4,9.0,2,07:32:30, 
39:23,3,1,-3.7,81.9,13,07:32:32, 
39:23,4,1,-5.1,60.8,10,07:32:32, 
42:39,3,1,-3.2,84.6,13,07:32:33, 
42:39,4,1,-4.4,85.0,13,07:32:33, 
60:33,1,1,0.7,49.1,7,07:32:36, 
60:33,2,1,2.2,74.0,10,07:32:36, 
60:33,3,1,3.7,77.1,11,07:32:36, 
15:16,2,1,18.3,28.4,2,07:32:39, 
17:37,1,1,-0.0,16.0,3,07:32:41, 
17:37,2,1,-0.1,29.8,4,07:32:41, 
17:37,2,2,118.1,125.8,1,07:32:41,*
18:17,2,1,9.8,26.0,2,07:32:41, 
17:37,3,1,-0.2,45.0,7,07:32:41, 
7:8,3,1,-0.0,8.5,2,07:32:44, 
123:8,2,1,-0.0,39.3,6,07:32:44,*
123:8,3,1,0.0,44.5,7,07:32:44,*
57:17,1,1,0.2,37.1,6,07:32:45, 
57:17,2,1,0.5,22.1,4,07:32:45, 
42:75,1,1,5.4,64.6,7,07:32:45, 
42:75,1,2,85.8,95.3,1,07:32:45, 
42:75,2,1,6.3,48.2,7,07:32:45, 
22:38,4,1,-0.0,10.5,2,07:32:47, 
21:20,1,1,-0.1,41.0,6,07:32:50, 
21:20,2,1,-0.3,24.5,4,07:32:50, 
21:20,3,1,-0.4,64.1,10,07:32:50,*
23:22,1,1,2.8,32.5,5,07:32:51, 
23:22,1,2,90.3,102.0,1,07:32:51,*
78:23,1,1,0.6,74.2,10,07:32:51, 
23:22,2,1,3.5,75.9,11,07:32:51, 
23:22,2,2,97.5,117.6,2,07:32:51,*
78:23,2,1,2.0,58.9,9,07:32:51, 
23:22,3,1,4.1,33.7,5,07:32:51, 
83:41,2,1,26.5,66.1,6,07:32:59, 
83:41,3,1,25.8,63.2,6,07:32:59, 
83:41,4,1,25.6,54.4,5,07:32:59, 
90:40,1,1,0.8,25.0,4,07:33:00, 
90:40,2,1,2.5,50.4,7,07:33:00, 
90:40,3,1,4.2,34.1,5,07:33:00, 
37:14,1,1,0.1,18.0,3,07:33:04, 
37:14,2,1,0.3,28.7,4,07:33:04, 
37:14,3,1,0.5,18.7,3,07:33:04, 
89:14,1,1,-0.2,67.9,10,07:33:04, 
89:14,2,1,-0.5,32.2,5,07:33:04, 
89:14,2,2,54.2,113.4,7,07:33:04, 
89:14,3,1,-0.8,59.7,9,07:33:04, 
57:19,2,1,-0.1,11.2,2,07:33:05, 
79:82,1,1,-0.0,31.6,5,07:33:06, 
115:12,1,1,1.0,89.5,13,07:33:07, 
115:12,2,1,3.0,76.0,11,07:33:07, 
115:12,3,1,5.0,91.3,13,07:33:07, 
124:42,3,1,16.3,83.1,10,07:33:08, 
124:42,4,1,15.1,97.6,12,07:33:08, 
5:6,2,1,-0.5,31.0,5,07:33:09,*
5:6,3,1,-0.8,24.1,4,07:33:09,*
11:6,3,1,-2.4,8.0,2,07:33:09, 
2:9,1,1,0.1,10.6,2,07:33:12, 
2:9,2,1,0.4,10.9,2,07:33:12, 
114:31,2,1,-1.0,15.3,3,07:33:12, 
12:48,1,1,0.0,118.4,17,07:33:14, 
12:48,2,1,0.0,106.6,15,07:33:14, 
12:48,3,1,-0.0,26.0,4,07:33:14, 
108:48,1,1,0.0,10.5,2,07:33:14, 
108:48,2,1,-0.0,26.9,4,07:33:14, 
108:48,3,1,-0.0,10.5,2,07:33:14, 
133:130,2,1,-0.1,10.4,2,07:33:20, 
133:130,3,1,-0.1,58.1,9,07:33:20, 
8:7,2,1,-0.1,113.5,15,07:33:22, 
8:7,3,1,-0.2,112.8,14,07:33:22, 
50:40,1,1,22.4,32.8,2,07:33:23, 
50:40,2,1,21.9,38.8,3,07:33:23, 
74:63,1,1,-0.0,27.2,5,07:33:27, 
89:14,3,1,-0.8,95.0,14,07:33:27, 
63:54,1,1,24.2,62.7,6,07:33:32, 
63:54,2,1,24.0,67.3,6,07:33:32, 
63:54,3,1,23.9,61.3,6,07:33:32, 
10:6,2,1,-0.0,10.6,2,07:33:33, 
78:23,1,1,0.6,116.5,18,07:33:35,*
55:78,1,1,2.0,31.0,4,07:33:35, 
78:23,2,1,1.8,114.1,17,07:33:35,*
78:23,3,1,3.0,68.0,10,07:33:35, 
36:24,1,1,9.2,45.3,6,07:33:38, 
36:24,2,1,9.9,49.2,6,07:33:38, 
36:24,3,1,11.5,31.9,3,07:33:38, 
36:24,4,1,12.1,25.5,2,07:33:38, 
18:17,1,1,2.8,18.9,3,07:33:40, 
18:17,2,1,3.1,30.4,4,07:33:40, 
18:17,3,1,3.5,14.7,2,07:33:40, 
19:134,1,1,-0.6,25.5,4,07:33:41, 
19:134,2,1,-1.9,16.2,3,07:33:41, 
19:134,3,1,-3.2,16.2,3,07:33:41, 
19:134,3,2,41.4,61.3,2,07:33:41, 
133:18,1,1,13.5,90.0,12,07:33:45, 
133:18,2,1,10.5,83.5,12,07:33:45, 
133:18,3,1,7.5,75.0,10,07:33:45, 
38:39,1,1,-0.0,10.5,2,07:33:45, 
38:39,2,1,0.0,23.4,4,07:33:45, 
37:2,1,1,13.7,24.0,2,07:33:46, 
37:2,2,1,13.7,47.0,5,07:33:46, 
37:2,3,1,13.7,54.4,6,07:33:46, 
14:37,1,1,-0.1,112.8,16,07:33:48,*
14:37,2,1,-0.3,96.6,14,07:33:48,*
87:37,1,1,-0.1,10.3,2,07:33:48, 
38:75,3,1,0.2,37.9,6,07:33:49, 
38:75,4,1,0.3,30.7,5,07:33:49, 
123:41,1,1,1.9,29.5,4,07:33:55, 
123:41,2,1,1.4,19.3,3,07:33:55, 
123:41,3,1,1.3,24.4,3,07:33:55, 
86:41,1,1,0.3,10.8,2,07:33:55, 
86:41,2,1,1.0,44.7,7,07:33:55, 
86:41,3,1,1.7,25.1,4,07:33:55, 
20:130,1,1,3.8,14.6,2,07:33:55, 
20:130,2,1,4.4,15.6,2,07:33:55, 
20:130,3,1,5.0,23.1,3,07:33:55, 
20:130,3,2,41.1,52.9,1,07:33:55, 
20:130,4,1,5.6,21.6,3,07:33:55, 
20:130,5,1,6.2,16.8,2,07:33:55, 
110:48,1,1,-0.0,34.4,6,07:33:57, 
110:48,2,1,0.0,70.6,10,07:33:57, 
110:48,3,1,-0.0,60.1,9,07:33:57, 
112:89,1,1,0.7,52.3,8,07:33:57, 
112:89,2,1,2.0,42.7,6,07:33:57, 
112:89,3,1,3.4,49.1,7,07:33:57, 
54:40,1,1,24.6,36.1,2,07:33:58, 
54:40,2,1,24.2,103.4,10,07:33:58,*
54:40,3,1,23.4,58.7,5,07:33:58, 
48:12,1,1,-3.4,13.1,3,07:33:59, 
48:12,2,1,-5.7,25.7,5,07:33:59, 
48:12,3,1,-8.0,7.0,3,07:33:59, 
87:20,1,1,-0.0,16.9,3,07:34:00, 
87:20,2,1,-0.1,49.4,8,07:34:00, 
87:20,3,1,-0.2,73.1,11,07:34:00, 
87:20,4,1,-0.2,79.1,12,07:34:00,*
130:20,1,1,4.3,27.8,3,07:34:00, 
130:20,2,1,3.4,26.0,3,07:34:00, 
72:31,1,1,1.1,46.0,7,07:34:00, 
72:31,2,1,3.3,46.5,7,07:34:00, 
72:31,3,1,5.5,47.4,6,07:34:00, 
77:9,2,1,-1.2,10.6,2,07:34:01, 
77:9,3,1,-2.0,49.7,8,07:34:01, 
77:9,4,1,-2.8,43.6,7,07:34:01, 
101:102,1,1,1.8,60.5,9,07:34:01, 
145:22,1,1,-0.0,76.9,11,07:34:03, 
145:22,3,1,-0.0,28.3,4,07:34:03, 
145:22,4,1,-0.0,28.7,4,07:34:03, 
46:8,1,1,-0.0,59.5,9,07:34:05, 
46:8,2,1,0.0,42.7,7,07:34:05, 
60:33,1,1,0.7,68.2,10,07:34:06, 
60:33,2,1,2.2,74.9,11,07:34:06, 
60:33,3,1,3.7,68.3,10,07:34:06, 
128:42,1,1,0.9,53.5,8,07:34:06, 
128:42,2,1,2.6,39.9,6,07:34:06, 
137:133,1,1,0.1,17.9,3,07:34:12, 
137:133,2,1,0.2,18.1,3,07:34:12, 
137:133,3,1,0.3,12.0,2,07:34:12, 
3:2,2,1,-0.4,56.4,8,07:34:14, 
3:2,3,1,-0.3,68.2,10,07:34:14, 
27:6,1,1,0.1,20.6,3,07:34:15, 
27:6,2,1,0.3,11.0,2,07:34:15, 
31:32,1,1,-0.7,92.5,14,07:34:17, 
49:102,2,1,3.4,24.0,3,07:34:17, 
49:102,3,1,3.9,18.1,2,07:34:17, 
111:12,1,1,-1.5,62.7,9,07:34:18, 
111:12,2,1,-4.4,96.3,15,07:34:18, 
111:12,3,1,-7.3,59.0,10,07:34:18, 
40:7,2,1,0.1,11.1,2,07:34:20, 
40:7,3,1,0.2,11.7,2,07:34:20, 
40:7,4,1,0.3,32.2,5,07:34:20, 
39:23,3,1,-3.7,21.7,4,07:34:24, 
39:23,3,2,45.6,65.1,2,07:34:24, 
39:23,4,1,-5.1,90.6,14,07:34:24, 
26:14,1,1,-0.2,123.5,19,07:34:24, 
26:14,2,1,-0.5,67.9,11,07:34:24, 
42:39,1,1,-0.6,33.8,6,07:34:25, 
42:39,2,1,-1.9,32.7,6,07:34:25, 
42:39,3,1,-3.2,116.2,17,07:34:25, 
42:39,3,2,130.5,142.6,1,07:34:25, 
42:39,4,1,-4.4,118.1,18,07:34:25, 
50:54,1,1,-0.3,47.0,7,07:34:30,*
53:50,1,1,-3.0,20.7,4,07:34:30, 
53:50,1,2,39.0,50.3,1,07:34:30, 
50:54,2,1,-0.9,31.5,5,07:34:30,*
53:50,2,1,1.5,49.5,6,07:34:30, 
50:54,3,1,-1.4,15.5,3,07:34:30, 
57:19,1,1,-0.0,18.9,3,07:34:35, 
57:19,3,1,-0.2,11.5,2,07:34:35, 
80:33,2,1,-1.0,9.6,2,07:34:36, 
79:82,1,1,-0.0,27.0,5,07:34:36, 
42:75,1,1,5.4,109.3,15,07:34:37,*
42:75,2,1,6.3,96.1,13,07:34:37, 
20:18,2,1,17.8,32.8,2,07:34:39, 
20:18,3,1,19.6,44.5,4,07:34:39, 
22:38,4,1,-0.0,15.0,3,07:34:39, 
17:37,1,1,-0.0,37.5,6,07:34:41, 
17:37,2,1,-0.1,80.6,11,07:34:41, 
17:37,2,2,115.6,127.0,2,07:34:41,*
17:37,3,1,-0.2,41.1,6,07:34:41, 
23:22,1,1,2.8,54.4,8,07:34:43, 
23:22,2,1,3.5,28.3,4,07:34:43, 
23:22,2,2,47.0,106.2,7,07:34:43,*
78:23,2,1,1.8,93.8,13,07:34:43, 
23:22,3,1,4.1,21.0,3,07:34:43, 
23:22,3,2,65.1,84.2,2,07:34:43,*
7:8,2,1,-0.0,11.8,2,07:34:44, 
7:8,3,1,-0.0,19.7,3,07:34:44, 
123:8,1,1,-0.0,58.5,9,07:34:44,*
123:8,2,1,-0.0,35.8,5,07:34:44, 
123:8,3,1,0.0,28.9,5,07:34:44, 
57:17,1,1,0.2,36.6,5,07:34:45, 
57:17,2,1,0.5,41.6,5,07:34:45, 
21:20,1,1,-0.1,59.0,9,07:34:50,*
21:20,2,1,-0.3,56.3,9,07:34:50,*
21:20,3,1,-0.4,70.2,11,07:34:50,*
90:40,1,1,0.8,11.9,2,07:34:52, 
90:40,2,1,2.5,51.8,8,07:34:52, 
90:40,3,1,4.2,35.7,5,07:34:52, 
83:41,1,1,27.2,35.7,2,07:34:59, 
83:41,2,1,26.5,89.9,10,07:34:59, 
83:41,3,1,25.8,100.8,12,07:34:59, 
83:41,4,1,25.6,113.3,13,07:34:59, 
124:42,3,1,16.3,77.0,9,07:35:00, 
124:42,4,1,15.1,82.3,10,07:35:00, 
5:6,2,1,-0.5,28.6,5,07:35:01,*
5:6,3,1,-0.8,22.7,4,07:35:01,*
5:6,4,1,-1.1,13.7,3,07:35:01, 
11:6,2,1,-1.5,38.8,6,07:35:01, 
11:6,3,1,-2.4,22.8,4,07:35:01, 
2:9,1,1,0.1,30.4,5,07:35:04, 
2:9,2,1,0.4,55.3,8,07:35:04, 
2:9,3,1,0.7,11.1,2,07:35:04, 
37:14,1,1,0.1,17.8,3,07:35:04, 
37:14,2,1,0.3,41.2,6,07:35:04, 
37:14,3,1,0.5,24.4,4,07:35:04, 
37:14,3,2,51.4,68.2,2,07:35:04, 
89:14,1,1,-0.2,53.2,8,07:35:04, 
89:14,2,1,-0.5,37.0,6,07:35:04, 
89:14,3,1,-0.8,71.1,11,07:35:04, 
83:12,1,1,1.3,49.8,8,07:35:07, 
83:12,2,1,3.9,14.3,2,07:35:07, 
83:12,3,1,6.5,16.9,2,07:35:07, 
115:12,1,1,1.0,128.0,19,07:35:07, 
115:12,2,1,3.0,108.5,15,07:35:07, 
115:12,3,1,5.0,98.4,14,07:35:07, 
24:89,1,1,-1.0,20.8,3,07:35:08, 
24:89,2,1,-3.1,14.0,3,07:35:08, 
24:89,3,1,-5.1,5.8,2,07:35:08, 
19:134,1,1,-0.6,23.9,4,07:35:11, 
19:134,2,1,-1.9,20.1,4,07:35:11, 
19:134,3,1,-3.2,18.6,3,07:35:11, 
114:31,1,1,-0.3,9.9,2,07:35:12, 
114:31,2,1,-1.0,25.0,4,07:35:12,*
114:31,3,1,-1.6,7.0,2,07:35:12, 
85:63,2,1,-0.5,14.0,2,07:35:13, 
12:48,1,1,0.0,130.5,19,07:35:14, 
12:48,2,1,0.0,83.9,12,07:35:14, 
12:48,3,1,-0.0,66.3,10,07:35:14, 
108:48,1,1,0.0,16.9,3,07:35:14, 
108:48,2,1,-0.0,21.8,4,07:35:14, 
108:48,3,1,-0.0,18.3,3,07:35:14, 
50:40,3,1,21.3,40.0,3,07:35:15, 
133:130,3,1,-0.1,71.3,10,07:35:20, 
8:7,2,1,-0.1,17.9,3,07:35:22, 
8:7,3,1,-0.2,41.2,5,07:35:22, 
10:7,2,1,-0.2,15.0,2,07:35:22, 
10:6,2,1,-0.0,55.6,9,07:35:25, 
10:6,3,1,-0.0,53.1,8,07:35:25, 
78:23,1,1,0.6,118.0,18,07:35:27,*
55:78,1,1,4.9,37.3,5,07:35:27, 
78:23,2,1,1.8,118.7,17,07:35:27,*
55:78,2,1,4.2,35.8,5,07:35:27, 
78:23,3,1,3.0,68.7,11,07:35:27, 
78:23,3,2,103.3,116.7,2,07:35:27,*
89:14,3,1,-0.8,111.7,17,07:35:27, 
134:133,2,1,-0.0,10.8,2,07:35:27, 
101:102,1,1,1.8,64.8,10,07:35:31, 
63:54,1,1,24.2,55.4,5,07:35:32, 
63:54,2,1,24.0,53.9,5,07:35:32, 
63:54,3,1,23.9,49.6,4,07:35:32, 
60:33,1,1,0.7,62.9,10,07:35:36, 
60:33,2,1,2.2,73.3,11,07:35:36, 
60:33,3,1,3.7,97.2,14,07:35:36, 
38:39,1,1,-0.0,18.4,3,07:35:37, 
38:39,2,1,0.0,23.6,4,07:35:37, 
37:2,1,1,13.7,57.6,6,07:35:38, 
37:2,2,1,13.7,57.7,7,07:35:38, 
37:2,3,1,13.7,65.7,8,07:35:38, 
36:24,1,1,9.2,27.7,3,07:35:38, 
36:24,2,1,9.9,61.4,8,07:35:38, 
36:24,3,1,11.5,57.8,7,07:35:38, 
36:24,4,1,12.1,43.1,5,07:35:38, 
18:17,1,1,2.8,35.9,6,07:35:40, 
18:17,2,1,3.1,32.3,5,07:35:40, 
18:17,3,1,3.5,34.4,5,07:35:40, 
38:75,3,1,0.2,45.7,7,07:35:41, 
38:75,4,1,0.3,42.1,7,07:35:41, 
133:18,1,1,13.5,82.4,11,07:35:45, 
133:18,2,1,10.5,75.7,10,07:35:45, 
133:18,3,1,7.5,28.8,4,07:35:45, 
133:18,3,2,65.0,96.9,4,07:35:45, 
18:19,1,1,0.2,10.6,2,07:35:48, 
18:19,2,1,0.5,30.3,5,07:35:48, 
18:19,3,1,0.8,24.6,4,07:35:48, 
14:37,1,1,-0.1,72.3,11,07:35:48, 
14:37,2,1,-0.3,73.7,12,07:35:48, 
87:37,1,1,-0.1,18.4,3,07:35:48, 
87:37,2,1,-0.4,16.2,3,07:35:48, 
54:40,1,1,24.6,36.5,2,07:35:50, 
54:40,2,1,24.2,78.3,7,07:35:50,*
77:9,1,1,-0.4,54.1,9,07:35:53, 
77:9,2,1,-1.2,39.0,6,07:35:53, 
77:9,3,1,-2.0,21.4,4,07:35:53, 
77:9,4,1,-2.8,7.7,2,07:35:53, 
145:22,1,1,-0.0,103.1,15,07:35:55,*
145:22,3,1,-0.0,59.9,9,07:35:55, 
145:22,4,1,-0.0,71.5,10,07:35:55, 
123:41,1,1,1.9,12.4,2,07:35:55, 
123:41,2,1,1.4,50.4,7,07:35:55,*
8:123,2,1,6.3,17.7,2,07:35:55, 
123:41,3,1,1.3,53.3,7,07:35:55,*
8:123,3,1,4.4,15.0,2,07:35:55, 
86:41,1,1,0.3,38.7,6,07:35:55, 
86:41,2,1,1.0,64.5,9,07:35:55,*
48:86,2,1,4.9,16.7,2,07:35:55, 
20:130,1,1,3.8,15.2,2,07:35:55, 
20:130,2,1,4.4,15.3,2,07:35:55, 
20:130,3,1,5.0,30.5,4,07:35:55, 
20:130,4,1,5.6,16.1,2,07:35:55, 
20:130,5,1,6.2,16.9,2,07:35:55, 
110:48,2,1,0.0,73.6,11,07:35:57,*
110:48,3,1,-0.0,74.7,11,07:35:57,*
31:89,2,1,2.7,11.3,2,07:35:57, 
112:89,1,1,0.7,56.3,8,07:35:57, 
112:89,2,1,2.0,49.8,7,07:35:57, 
112:89,3,1,3.4,61.7,9,07:35:57, 
128:42,1,1,0.9,46.9,7,07:35:58, 
128:42,2,1,2.6,35.9,5,07:35:58, 
48:12,1,1,-3.4,32.5,5,07:35:59, 
48:12,2,1,-5.7,38.5,7,07:35:59, 
87:20,1,1,-0.0,48.7,7,07:36:00, 
87:20,2,1,-0.1,49.6,7,07:36:00, 
87:20,3,1,-0.2,74.8,11,07:36:00,*
87:20,4,1,-0.2,76.3,12,07:36:00,*
130:20,1,1,4.3,29.4,3,07:36:00, 
130:20,2,1,3.4,13.9,2,07:36:00, 
72:31,1,1,1.1,60.0,9,07:36:00, 
72:31,2,1,3.3,49.1,7,07:36:00, 
72:31,3,1,5.5,51.8,7,07:36:00, 
46:8,1,1,-0.0,63.7,10,07:36:05, 
46:8,2,1,0.0,23.4,4,07:36:05, 
57:19,1,1,-0.0,15.3,2,07:36:05, 
57:19,2,1,-0.1,10.5,2,07:36:05, 
57:19,3,1,-0.2,8.2,2,07:36:05, 
3:2,1,1,36.9,72.5,6,07:36:06,*
3:2,2,1,-0.4,11.2,2,07:36:06, 
3:2,2,2,54.4,65.6,1,07:36:06, 
3:2,3,1,-0.3,71.5,10,07:36:06,*
80:33,1,1,-0.3,10.9,2,07:36:06, 
80:33,2,1,-1.0,29.4,5,07:36:06, 
142:33,2,1,-1.2,9.1,2,07:36:06, 
79:82,1,1,-0.0,10.7,2,07:36:06, 
27:6,1,1,0.1,36.5,6,07:36:07, 
27:6,2,1,0.3,30.3,5,07:36:07, 
137:133,1,1,0.1,74.6,13,07:36:12, 
137:133,2,1,0.2,63.0,9,07:36:12, 
137:133,3,1,0.3,39.3,6,07:36:12, 
39:23,3,1,-3.7,32.6,6,07:36:16, 
39:23,4,1,-5.1,116.1,18,07:36:16,*
42:39,4,1,-4.4,156.7,23,07:36:16,*
31:32,1,1,-0.7,16.2,3,07:36:17, 
42:39,1,1,-0.6,33.8,6,07:36:17, 
42:39,3,1,-3.2,148.5,21,07:36:17, 
42:39,4,1,-4.4,156.7,23,07:36:17,*
111:12,1,1,-1.5,111.4,17,07:36:18, 
111:12,2,1,-4.4,103.0,16,07:36:18, 
111:12,3,1,-7.3,70.8,12,07:36:18, 
25:24,1,1,-0.3,18.5,3,07:36:19, 
25:24,2,1,-0.8,25.7,4,07:36:19, 
40:7,1,1,0.0,123.7,17,07:36:20, 
40:7,2,1,0.1,16.3,2,07:36:20, 
40:7,3,1,0.2,18.1,3,07:36:20, 
40:7,4,1,0.3,64.7,9,07:36:20, 
26:14,1,1,-0.2,119.3,18,07:36:24, 
26:14,2,1,-0.5,91.8,14,07:36:24, 
42:75,1,1,5.4,110.6,16,07:36:29,*
42:75,2,1,6.3,117.5,17,07:36:29,*
50:54,1,1,-0.3,37.0,6,07:36:30,*
53:50,1,1,-7.1,9.9,3,07:36:30, 
50:54,2,1,-0.9,45.7,8,07:36:30,*
53:50,2,1,-5.2,7.9,2,07:36:30, 
50:54,3,1,-1.4,38.1,6,07:36:30,*
22:38,3,1,0.0,18.7,3,07:36:31, 
22:38,4,1,-0.0,30.4,5,07:36:31, 
23:22,1,1,2.8,47.9,7,07:36:35, 
23:22,2,1,3.5,67.2,9,07:36:35, 
23:22,2,2,87.1,106.1,2,07:36:35,*
78:23,2,1,1.8,118.9,17,07:36:35,*
55:78,2,1,4.8,17.1,2,07:36:35, 
23:22,3,1,4.1,72.5,10,07:36:35, 
17:37,1,1,-0.0,67.1,10,07:36:41, 
17:37,2,1,-0.1,75.4,11,07:36:41, 
17:37,2,2,88.9,123.8,5,07:36:41,*
17:37,3,1,-0.2,54.8,8,07:36:41, 
19:134,1,1,-0.6,41.6,6,07:36:41, 
19:134,2,1,-1.9,15.5,3,07:36:41, 
19:134,3,1,-3.2,7.3,2,07:36:41, 
7:8,2,1,-0.0,19.5,3,07:36:44, 
7:8,3,1,-0.0,11.9,2,07:36:44, 
123:8,1,1,-0.0,25.7,4,07:36:44, 
123:8,2,1,-0.0,11.8,2,07:36:44, 
90:40,1,1,0.8,30.6,5,07:36:44, 
90:40,2,1,2.5,78.8,12,07:36:44, 
90:40,3,1,4.2,38.1,6,07:36:44, 
57:17,1,1,0.2,58.8,9,07:36:45, 
57:17,2,1,0.5,52.1,8,07:36:45, 
35:17,1,1,0.1,10.5,2,07:36:45, 
35:17,2,1,0.3,10.7,2,07:36:45, 
21:20,1,1,-0.1,23.3,4,07:36:50, 
21:20,2,1,-0.3,63.2,10,07:36:50,*
22:21,2,1,0.9,23.5,4,07:36:50, 
21:20,3,1,-0.4,55.7,9,07:36:50,*
124:42,1,1,18.6,53.2,6,07:36:52, 
124:42,2,1,17.4,70.4,9,07:36:52, 
124:42,3,1,16.3,119.0,15,07:36:52, 
124:42,4,1,15.1,116.3,15,07:36:52, 
5:6,2,1,-0.5,30.9,5,07:36:53,*
5:6,3,1,-0.8,10.1,2,07:36:53, 
5:6,4,1,-1.1,9.4,2,07:36:53, 
11:6,1,1,-0.5,56.6,9,07:36:53,*
11:6,2,1,-1.5,16.1,3,07:36:53, 
11:6,3,1,-2.4,46.8,6,07:36:53, 
2:9,1,1,0.1,17.0,3,07:36:56, 
2:9,2,1,0.4,80.1,12,07:36:56,*
2:9,3,1,0.7,24.0,4,07:36:56, 
130:75,2,1,0.2,17.1,3,07:36:56, 
130:75,3,1,0.3,17.2,3,07:36:56, 
83:41,1,1,27.2,109.8,13,07:36:59, 
83:41,2,1,26.5,85.1,9,07:36:59, 
83:41,3,1,25.8,86.9,9,07:36:59, 
83:41,4,1,25.6,102.1,11,07:36:59, 
101:102,1,1,1.8,125.0,19,07:37:01, 
37:14,1,1,0.1,56.1,9,07:37:04, 
37:14,2,1,0.3,103.5,15,07:37:04,*
37:14,3,1,0.5,49.2,8,07:37:04, 
89:14,1,1,-0.2,66.3,9,07:37:04, 
89:14,2,1,-0.5,61.0,8,07:37:04, 
89:14,3,1,-0.8,100.9,15,07:37:04, 
60:33,1,1,0.7,72.9,12,07:37:06, 
60:33,2,1,2.2,65.0,10,07:37:06, 
60:33,3,1,3.7,74.4,11,07:37:06, 
50:40,3,1,21.3,46.1,3,07:37:07, 
50:40,4,1,20.5,31.1,2,07:37:07, 
83:12,1,1,1.3,24.6,4,07:37:07, 
83:12,2,1,3.9,14.3,2,07:37:07, 
115:12,1,1,1.0,230.9,33,07:37:07,*
117:115,1,1,3.8,36.5,5,07:37:07, 
115:12,2,1,3.0,53.7,8,07:37:07, 
115:12,3,1,5.0,88.8,12,07:37:07, 
24:89,1,1,-1.0,50.6,8,07:37:08, 
24:89,2,1,-3.1,57.5,9,07:37:08, 
24:89,3,1,-5.1,5.7,2,07:37:08, 
114:31,1,1,-0.3,17.1,3,07:37:12, 
114:31,2,1,-1.0,14.7,3,07:37:12, 
114:31,3,1,-1.6,35.5,4,07:37:12,*
113:114,3,1,5.5,25.1,3,07:37:12, 
85:63,1,1,-0.2,54.4,9,07:37:13, 
85:63,2,1,-0.5,130.7,20,07:37:13, 
12:48,1,1,0.0,53.6,7,07:37:14, 
12:48,1,2,77.3,117.3,5,07:37:14, 
12:48,1,3,238.0,259.0,2,07:37:14,*
115:12,1,1,6.1,228.3,31,07:37:14,*
12:48,2,1,0.0,69.1,10,07:37:14, 
12:48,3,1,-0.0,45.3,7,07:37:14, 
108:48,1,1,0.0,26.4,4,07:37:14, 
108:48,2,1,-0.0,25.2,4,07:37:14, 
108:48,3,1,-0.0,10.5,2,07:37:14, 
10:6,2,1,-0.0,73.2,11,07:37:17,*
10:6,3,1,-0.0,67.7,10,07:37:17,*
49:102,1,1,2.9,14.6,2,07:37:17, 
49:102,3,1,3.9,19.9,2,07:37:17, 
18:19,2,1,0.5,17.7,3,07:37:18, 
78:23,1,1,0.6,115.8,18,07:37:19,*
78:23,2,1,1.8,120.7,18,07:37:19,*
55:78,2,1,8.1,60.2,10,07:37:19, 
78:23,3,1,3.0,115.7,17,07:37:19,*
133:130,2,1,-0.1,16.8,3,07:37:20, 
133:130,3,1,-0.1,136.5,20,07:37:20,*
8:7,1,1,51.0,87.5,6,07:37:22, 
8:7,2,1,-0.1,18.0,3,07:37:22, 
8:7,3,1,-0.2,17.8,3,07:37:22, 
8:7,3,2,39.6,59.7,2,07:37:22, 
10:7,1,1,-0.1,56.0,9,07:37:22, 
10:7,2,1,-0.2,24.5,4,07:37:22, 
10:7,3,1,-0.4,36.3,5,07:37:22, 
74:63,2,1,-0.0,10.3,2,07:37:27, 
89:14,3,1,-0.8,119.2,18,07:37:27, 
38:39,2,1,0.0,11.7,2,07:37:29, 
37:2,1,1,13.7,29.8,3,07:37:30, 
37:2,2,1,13.7,31.2,3,07:37:30, 
37:2,3,1,13.7,52.2,6,07:37:30, 
63:54,1,1,24.2,41.1,3,07:37:32, 
63:54,2,1,24.0,62.1,6,07:37:32, 
63:54,3,1,23.9,48.3,4,07:37:32, 
38:75,3,1,0.2,106.3,16,07:37:33, 
38:75,4,1,0.3,95.8,14,07:37:33, 
57:19,1,1,-0.0,16.3,3,07:37:35, 
57:19,2,1,-0.1,18.5,3,07:37:35, 
57:19,3,1,-0.2,21.4,3,07:37:35, 
80:33,1,1,-0.3,10.4,2,07:37:36, 
80:33,2,1,-1.0,41.2,7,07:37:36, 
36:24,1,1,9.2,49.2,6,07:37:38, 
36:24,2,1,9.9,68.4,9,07:37:38, 
36:24,3,1,11.5,65.7,7,07:37:38, 
36:24,4,1,12.1,30.0,3,07:37:38, 
18:17,1,1,2.8,17.6,3,07:37:40, 
18:17,2,1,3.1,60.2,9,07:37:40, 
18:17,3,1,3.5,14.0,2,07:37:40, 
77:9,1,1,-0.4,34.2,6,07:37:45, 
77:9,2,1,-1.2,23.2,4,07:37:45, 
77:9,3,1,-2.0,16.6,3,07:37:45, 
77:9,4,1,-2.8,14.2,3,07:37:45, 
133:18,1,1,13.5,59.6,8,07:37:45, 
133:18,2,1,10.5,64.4,8,07:37:45, 
133:18,3,1,7.5,48.6,7,07:37:45, 
145:22,1,1,-0.0,79.0,13,07:37:47, 
145:22,3,1,-0.0,65.4,10,07:37:47, 
145:22,4,1,-0.0,49.1,8,07:37:47, 
14:37,1,1,-0.1,73.2,11,07:37:48, 
14:37,2,1,-0.3,79.9,12,07:37:48, 
87:37,1,1,-0.1,10.3,2,07:37:48, 
75:42,1,1,0.7,24.8,4,07:37:50, 
75:42,2,1,2.2,46.1,6,07:37:50, 
128:42,1,1,0.9,79.0,12,07:37:50, 
128:42,2,1,2.6,67.6,10,07:37:50, 
123:41,1,1,1.9,35.3,6,07:37:55, 
123:41,2,1,1.4,50.3,7,07:37:55,*
8:123,2,1,2.0,22.9,3,07:37:55, 
123:41,3,1,1.3,47.8,7,07:37:55,*
86:41,1,1,0.3,43.3,7,07:37:55, 
86:41,2,1,1.0,60.9,9,07:37:55,*
48:86,2,1,1.6,12.4,2,07:37:55, 
86:41,3,1,1.7,66.9,10,07:37:55,*
20:130,1,1,3.8,15.0,2,07:37:55, 
20:130,2,1,4.4,24.6,3,07:37:55, 
20:130,3,1,5.0,15.5,2,07:37:55, 
20:130,4,1,5.6,24.7,3,07:37:55, 
20:130,5,1,6.2,16.9,2,07:37:55, 
110:48,2,1,0.0,59.7,9,07:37:57, 
110:48,3,1,-0.0,60.3,9,07:37:57, 
31:89,2,1,2.7,19.7,3,07:37:57, 
31:89,3,1,4.6,21.5,3,07:37:57, 
112:89,1,1,0.7,52.1,8,07:37:57, 
112:89,2,1,2.0,40.8,6,07:37:57, 
112:89,3,1,3.4,37.1,5,07:37:57, 
3:2,2,1,-0.4,41.0,6,07:37:58, 
3:2,3,1,-0.3,73.9,11,07:37:58,*
4:3,3,1,1.7,24.9,4,07:37:58, 
27:6,2,1,0.3,10.7,2,07:37:59, 
48:12,1,1,-3.4,29.2,5,07:37:59, 
48:12,2,1,-5.7,35.1,6,07:37:59, 
48:12,3,1,-8.0,2.5,2,07:37:59, 
87:20,1,1,-0.0,51.3,8,07:38:00, 
87:20,2,1,-0.1,64.2,9,07:38:00, 
87:20,3,1,-0.2,71.1,10,07:38:00, 
87:20,4,1,-0.2,77.8,12,07:38:00,*
130:20,1,1,4.3,21.2,3,07:38:00, 
130:20,2,1,3.4,13.9,2,07:38:00, 
72:31,1,1,1.1,80.9,12,07:38:00, 
72:31,2,1,3.3,49.6,7,07:38:00, 
72:31,3,1,5.5,51.3,7,07:38:00, 
46:8,1,1,-0.0,10.5,2,07:38:05, 
46:8,2,1,0.0,11.8,2,07:38:05, 
39:23,2,1,-2.2,33.0,6,07:38:08, 
39:23,3,1,-3.7,90.4,14,07:38:08, 
39:23,4,1,-5.1,87.5,14,07:38:08, 
42:39,1,1,-0.6,34.7,6,07:38:09, 
42:39,3,1,-3.2,161.8,23,07:38:09,*
42:39,4,1,-4.4,124.0,19,07:38:09, 
19:134,1,1,-0.6,40.2,6,07:38:11, 
19:134,2,1,-1.9,17.4,3,07:38:11, 
19:134,3,1,-3.2,19.1,3,07:38:11, 
137:133,1,1,0.1,145.8,22,07:38:12, 
137:133,2,1,0.2,10.8,2,07:38:12, 
137:133,3,1,0.3,17.2,3,07:38:12, 
31:32,1,1,-0.7,95.5,14,07:38:17, 
31:32,2,1,-2.1,8.5,2,07:38:17, 
31:32,3,1,-3.4,7.0,2,07:38:17, 
111:12,1,1,-1.5,69.6,11,07:38:18, 
111:12,2,1,-4.4,116.1,17,07:38:18, 
111:12,3,1,-7.3,79.4,13,07:38:18, 
25:24,1,1,-0.3,24.7,4,07:38:19, 
25:24,2,1,-0.8,9.7,2,07:38:19, 
25:24,2,2,28.6,41.5,1,07:38:19,*
40:7,1,1,0.0,75.8,12,07:38:20, 
40:7,2,1,0.1,55.8,7,07:38:20, 
40:7,3,1,0.2,25.1,4,07:38:20, 
40:7,4,1,0.3,37.9,5,07:38:20, 
42:75,1,1,5.4,125.2,18,07:38:21,*
128:42,1,1,6.9,61.5,7,07:38:21, 
42:75,2,1,6.3,127.2,18,07:38:21,*
128:42,2,1,8.8,73.7,9,07:38:21, 
22:38,3,1,0.0,24.5,4,07:38:23, 
22:38,4,1,-0.0,15.2,3,07:38:23, 
26:14,1,1,-0.2,116.4,18,07:38:24, 
26:14,2,1,-0.5,86.2,13,07:38:24, 
23:22,1,1,2.8,60.4,9,07:38:27, 
23:22,2,1,3.5,112.1,17,07:38:27,*
78:23,2,1,2.6,46.4,6,07:38:27, 
78:23,2,2,61.7,119.3,8,07:38:27,*
55:78,2,1,3.5,60.2,11,07:38:27, 
50:54,1,1,-0.3,30.4,5,07:38:30,*
50:54,2,1,-0.9,17.4,3,07:38:30, 
50:54,3,1,-1.4,9.0,2,07:38:30, 
101:102,1,1,1.8,129.7,20,07:38:31, 
60:33,1,1,0.7,47.1,7,07:38:36, 
60:33,2,1,2.2,38.1,6,07:38:36, 
60:33,3,1,3.7,132.0,19,07:38:36,*
90:40,1,1,0.8,31.9,5,07:38:36, 
90:40,2,1,2.5,129.5,18,07:38:36, 
90:40,3,1,4.2,53.4,8,07:38:36, 
17:37,1,1,-0.0,22.0,4,07:38:41, 
17:37,2,1,-0.1,108.6,16,07:38:41,*
17:37,3,1,-0.2,90.5,14,07:38:41, 
7:8,1,1,-0.0,57.6,9,07:38:44, 
7:8,2,1,-0.0,25.7,4,07:38:44, 
7:8,3,1,-0.0,27.3,4,07:38:44, 
123:8,2,1,-0.0,45.9,7,07:38:44,*
41:123,2,1,2.2,31.2,4,07:38:44, 
123:8,3,1,0.0,50.6,8,07:38:44,*
41:123,3,1,4.1,20.5,3,07:38:44, 
124:42,3,1,16.3,190.2,25,07:38:44,*
126:124,3,1,5.9,47.7,6,07:38:44, 
124:42,4,1,15.1,185.9,25,07:38:44,*
126:124,4,1,2.4,58.9,8,07:38:44, 
5:6,2,1,-0.5,30.9,5,07:38:45,*
5:6,4,1,-1.1,9.4,2,07:38:45, 
11:6,1,1,-0.5,34.0,6,07:38:45, 
11:6,2,1,-1.5,9.0,2,07:38:45, 
11:6,3,1,-2.4,8.0,2,07:38:45, 
57:17,1,1,0.2,42.9,7,07:38:45, 
57:17,2,1,0.5,36.8,6,07:38:45, 
35:17,1,1,0.1,54.0,8,07:38:45, 
35:17,2,1,0.3,49.0,7,07:38:45, 
2:9,1,1,0.1,26.2,4,07:38:48, 
2:9,2,1,0.4,45.7,7,07:38:48, 
2:9,3,1,0.7,22.6,4,07:38:48, 
18:19,1,1,0.2,10.6,2,07:38:48, 
130:75,2,1,0.2,20.6,3,07:38:48, 
130:75,3,1,0.3,22.1,4,07:38:48, 
21:20,3,1,-0.4,65.5,10,07:38:50,*
83:41,1,1,27.2,120.6,14,07:38:59, 
83:41,2,1,26.5,45.6,3,07:38:59, 
83:41,3,1,25.8,71.5,7,07:38:59, 
83:41,4,1,25.6,42.5,3,07:38:59, 
37:14,1,1,0.1,65.9,10,07:39:04, 
37:14,2,1,0.3,107.1,16,07:39:04,*
37:14,3,1,0.5,52.5,8,07:39:04, 
89:14,1,1,-0.2,119.8,16,07:39:04, 
89:14,2,1,-0.5,98.2,15,07:39:04, 
89:14,3,1,-0.8,72.9,11,07:39:04, 
57:19,1,1,-0.0,10.9,2,07:39:05, 
57:19,2,1,-0.1,11.4,2,07:39:05, 
57:19,3,1,-0.2,32.8,5,07:39:05, 
80:33,1,1,-0.3,10.2,2,07:39:06, 
80:33,2,1,-1.0,16.4,3,07:39:06, 
142:33,1,1,-0.4,29.4,5,07:39:06, 
142:33,2,1,-1.2,15.1,3,07:39:06, 
79:82,1,1,-0.0,27.7,4,07:39:06, 
83:12,1,1,1.3,29.7,5,07:39:07, 
83:12,2,1,3.9,20.8,3,07:39:07, 
83:12,3,1,6.5,16.9,2,07:39:07, 
115:12,1,1,1.0,233.0,33,07:39:07,*
115:12,2,1,3.0,80.1,12,07:39:07, 
115:12,2,2,149.3,161.6,1,07:39:07, 
115:12,3,1,5.0,89.0,13,07:39:07, 
24:89,1,1,-1.0,29.3,5,07:39:08, 
24:89,2,1,-3.1,35.0,6,07:39:08, 
24:89,3,1,-5.1,11.8,3,07:39:08, 
10:6,1,1,-0.0,32.6,6,07:39:09, 
10:6,2,1,-0.0,70.1,11,07:39:09,*
7:10,2,1,3.0,66.6,9,07:39:09, 
10:6,3,1,-0.0,70.1,11,07:39:09,*
7:10,3,1,1.8,43.9,6,07:39:09, 
78:23,1,1,0.6,77.3,12,07:39:11, 
78:23,1,2,96.9,116.2,2,07:39:11,*
55:78,1,1,3.3,63.4,11,07:39:11,*
78:23,2,1,1.8,117.1,17,07:39:11,*
78:23,3,1,3.0,119.1,18,07:39:11,*
55:78,3,1,7.1,62.9,10,07:39:11, 
114:31,1,1,-0.3,26.4,4,07:39:12,*
113:114,1,1,-0.0,9.3,2,07:39:12, 
114:31,2,1,23.9,36.3,2,07:39:12,*
113:114,2,1,7.8,19.0,2,07:39:12, 
114:31,3,1,-1.6,19.0,3,07:39:12, 
85:63,1,1,-0.2,87.4,14,07:39:13, 
85:63,1,2,149.6,184.9,4,07:39:13, 
85:63,2,1,-0.5,203.0,32,07:39:13, 
12:48,1,1,0.0,83.6,11,07:39:14, 
12:48,2,1,0.0,83.2,12,07:39:14, 
12:48,3,1,-0.0,53.1,8,07:39:14, 
108:48,1,1,0.0,30.4,5,07:39:14, 
108:48,2,1,-0.0,30.2,5,07:39:14, 
108:48,3,1,-0.0,30.2,5,07:39:14, 
133:130,3,1,-0.1,138.3,21,07:39:20,*
38:39,1,1,-0.0,23.4,4,07:39:21, 
38:39,2,1,0.0,30.8,5,07:39:21, 
37:2,2,1,13.7,38.1,4,07:39:22, 
8:7,2,1,-0.1,43.8,7,07:39:22, 
8:7,2,2,58.7,70.6,1,07:39:22, 
8:7,3,1,-0.2,18.2,3,07:39:22, 
8:7,3,2,70.9,88.3,2,07:39:22, 
10:7,1,1,-0.1,92.3,15,07:39:22,*
10:7,2,1,-0.2,18.0,3,07:39:22, 
10:7,3,1,-0.4,23.1,4,07:39:22, 
139:134,2,1,-0.3,10.3,2,07:39:24, 
38:75,3,1,0.2,45.0,7,07:39:25, 
38:75,4,1,0.3,23.7,4,07:39:25, 
74:63,1,1,-0.0,22.5,4,07:39:27, 
89:14,3,1,-0.8,117.7,18,07:39:27, 
63:54,1,1,24.2,69.0,7,07:39:32, 
63:54,2,1,24.0,83.9,9,07:39:32, 
63:54,3,1,23.9,82.2,9,07:39:32, 
77:9,1,1,-0.4,34.2,6,07:39:37, 
77:9,2,1,-1.2,9.4,2,07:39:37, 
77:9,3,1,-2.0,19.9,4,07:39:37, 
77:9,4,1,-2.8,7.7,2,07:39:37, 
36:24,1,1,9.2,52.1,7,07:39:38, 
36:24,2,1,9.9,49.5,6,07:39:38, 
36:24,3,1,11.5,53.0,6,07:39:38, 
36:24,4,1,12.1,30.1,3,07:39:38, 
145:22,1,1,-0.0,81.5,12,07:39:39, 
145:22,3,1,-0.0,76.5,12,07:39:39, 
145:22,4,1,-0.0,58.1,9,07:39:39, 
18:17,1,1,2.8,32.6,5,07:39:40, 
18:17,2,1,3.1,45.8,7,07:39:40, 
18:17,3,1,3.5,14.0,2,07:39:40, 
19:134,1,1,-0.6,33.2,5,07:39:41, 
19:134,2,1,-1.9,20.5,4,07:39:41, 
19:134,3,1,-3.2,18.4,3,07:39:41, 
75:42,1,1,0.7,54.4,8,07:39:42, 
75:42,2,1,2.2,41.7,6,07:39:42, 
128:42,1,1,0.9,113.2,17,07:39:42,*
129:128,1,1,5.7,23.0,3,07:39:42, 
128:42,2,1,2.6,114.4,17,07:39:42,*
129:128,2,1,5.6,16.7,2,07:39:42, 
133:18,1,1,13.5,35.3,3,07:39:45, 
133:18,2,1,10.5,40.3,5,07:39:45, 
133:18,3,1,7.5,42.3,5,07:39:45, 
14:37,1,1,-0.1,109.1,15,07:39:48,*
89:14,1,1,2.2,28.6,4,07:39:48, 
14:37,2,1,-0.3,113.6,17,07:39:48,*
89:14,2,1,4.5,38.1,5,07:39:48, 
3:2,2,1,-0.4,24.9,4,07:39:50, 
3:2,3,1,-0.3,35.3,5,07:39:50, 
123:41,1,1,1.9,54.0,9,07:39:55,*
123:41,2,1,1.4,54.7,7,07:39:55,*
8:123,2,1,5.3,22.4,2,07:39:55, 
8:123,2,2,38.3,57.2,3,07:39:55,*
46:8,2,1,0.0,26.4,4,07:39:55, 
123:41,3,1,27.7,51.5,3,07:39:55,*
8:123,3,1,3.7,15.4,2,07:39:55, 
86:41,1,1,0.3,10.8,2,07:39:55, 
86:41,2,1,1.0,67.3,10,07:39:55,*
48:86,2,1,6.0,30.7,4,07:39:55, 
86:41,3,1,1.7,25.1,4,07:39:55, 
20:130,2,1,4.4,36.2,4,07:39:55, 
20:130,3,1,5.0,21.9,3,07:39:55, 
20:130,4,1,5.6,24.3,3,07:39:55, 
20:130,5,1,6.2,29.3,4,07:39:55, 
110:48,1,1,-0.0,34.5,6,07:39:57, 
110:48,2,1,0.0,50.7,8,07:39:57, 
110:48,3,1,-0.0,39.7,6,07:39:57, 
31:89,1,1,0.9,11.4,2,07:39:57, 
31:89,2,1,2.7,13.2,2,07:39:57, 
31:89,3,1,4.6,15.0,2,07:39:57, 
112:89,1,1,0.7,53.8,7,07:39:57, 
112:89,2,1,2.0,58.2,9,07:39:57, 
112:89,3,1,3.4,55.0,8,07:39:57, 
48:12,1,1,-3.4,42.7,6,07:39:59, 
48:12,2,1,-5.7,18.4,4,07:39:59, 
48:12,3,1,-8.0,45.6,8,07:39:59, 
87:20,1,1,-0.0,43.8,7,07:40:00, 
87:20,2,1,-0.1,55.9,8,07:40:00, 
87:20,3,1,-0.2,74.3,11,07:40:00,*
87:20,4,1,-0.2,79.1,12,07:40:00,*
130:20,2,1,3.4,30.7,4,07:40:00, 
39:23,3,1,-3.7,117.2,17,07:40:00,*
42:39,3,1,-3.2,153.6,23,07:40:00, 
39:23,4,1,-5.1,91.0,15,07:40:00, 
72:31,1,1,1.1,39.7,6,07:40:00, 
72:31,2,1,3.3,51.7,7,07:40:00, 
72:31,3,1,5.5,55.4,6,07:40:00, 
101:102,1,1,1.8,152.0,23,07:40:01,*
42:39,1,1,-0.6,74.3,12,07:40:01, 
42:39,3,1,-3.2,153.3,23,07:40:01, 
42:39,4,1,-4.4,157.3,23,07:40:01,*
46:8,1,1,-0.0,35.8,5,07:40:05, 
46:8,2,1,0.0,23.7,4,07:40:05, 
60:33,1,1,0.7,41.4,6,07:40:06, 
60:33,2,1,2.2,46.5,6,07:40:06, 
60:33,3,1,3.7,111.7,16,07:40:06, 
137:133,1,1,0.1,182.8,26,07:40:12,*
138:137,1,1,6.6,58.1,8,07:40:12, 
137:133,2,1,0.2,27.1,4,07:40:12, 
137:133,3,1,0.3,22.9,4,07:40:12, 
42:75,1,1,5.4,124.4,18,07:40:13,*
128:42,1,1,4.1,96.9,12,07:40:13, 
42:75,2,1,6.3,125.3,18,07:40:13,*
128:42,2,1,5.3,62.6,8,07:40:13, 
128:42,2,2,80.0,110.7,3,07:40:13,*
129:128,2,1,6.2,22.7,3,07:40:13, 
22:38,3,1,0.0,33.5,5,07:40:15, 
22:38,4,1,-0.0,60.6,8,07:40:15, 
31:32,1,1,-0.7,110.8,16,07:40:17, 
49:102,2,1,3.4,14.6,2,07:40:17, 
18:19,1,1,0.2,10.6,2,07:40:18, 
18:19,3,1,0.8,11.3,2,07:40:18, 
111:12,1,1,-1.5,90.2,14,07:40:18, 
111:12,2,1,-4.4,82.4,14,07:40:18, 
111:12,3,1,-7.3,98.8,16,07:40:18, 
23:22,1,1,2.8,32.5,4,07:40:19, 
23:22,1,2,78.8,88.3,1,07:40:19,*
23:22,2,1,3.5,111.2,17,07:40:19,*
78:23,2,1,1.8,120.6,18,07:40:19,*
55:78,2,1,6.8,62.3,10,07:40:19, 
23:22,3,1,4.1,14.7,2,07:40:19, 
40:7,1,1,0.0,29.2,4,07:40:20, 
40:7,2,1,0.1,42.6,5,07:40:20, 
40:7,3,1,0.2,32.4,4,07:40:20, 
40:7,4,1,0.3,11.6,2,07:40:20, 
26:14,1,1,-0.2,157.0,23,07:40:24, 
26:14,2,1,-0.5,114.6,17,07:40:24, 
26:14,3,1,-0.8,16.1,3,07:40:24, 
90:40,1,1,0.8,32.2,5,07:40:28, 
90:40,2,1,2.5,126.5,19,07:40:28, 
90:40,2,2,153.5,161.4,1,07:40:28,*
90:40,3,1,4.2,70.4,11,07:40:28, 
50:54,1,1,-0.3,39.0,6,07:40:30,*
53:50,1,1,-4.3,17.9,3,07:40:30, 
53:50,1,2,44.6,72.4,2,07:40:30,*
41:53,1,1,10.2,27.5,3,07:40:30, 
50:54,3,1,-1.4,10.0,2,07:40:30, 
57:19,1,1,-0.0,13.6,2,07:40:35, 
57:19,2,1,-0.1,24.1,4,07:40:35, 
57:19,3,1,-0.2,17.2,3,07:40:35, 
80:33,2,1,-1.0,9.3,2,07:40:36, 
79:82,1,1,2.7,50.1,7,07:40:36,*
124:42,1,1,18.6,53.1,6,07:40:36, 
124:42,3,1,16.3,189.0,25,07:40:36,*
126:124,3,1,6.3,72.2,10,07:40:36, 
124:42,4,1,15.1,184.5,25,07:40:36,*
126:124,4,1,1.0,70.9,12,07:40:36, 
5:6,2,1,-0.5,30.3,5,07:40:37,*
5:6,3,1,-0.8,30.1,5,07:40:37,*
5:6,4,1,-1.1,23.7,4,07:40:37,*
11:6,2,1,32.7,50.6,3,07:40:37,*
11:6,3,1,-2.4,42.4,7,07:40:37, 
20:18,2,1,17.8,35.9,3,07:40:39, 
2:9,1,1,0.1,23.5,4,07:40:40, 
2:9,2,1,0.4,44.9,7,07:40:40, 
130:75,1,1,0.1,10.5,2,07:40:40, 
17:37,1,1,-0.0,50.1,8,07:40:41, 
17:37,2,1,-0.1,125.9,19,07:40:41,*
18:17,2,1,8.2,33.1,4,07:40:41, 
17:37,3,1,-0.2,54.9,9,07:40:41, 
7:8,1,1,-0.0,75.5,12,07:40:44, 
7:8,2,1,-0.0,29.7,5,07:40:44, 
7:8,3,1,-0.0,18.3,3,07:40:44, 
123:8,1,1,-0.0,42.2,7,07:40:44,*
123:8,2,1,-0.0,50.5,7,07:40:44,*
123:8,3,1,0.0,31.2,5,07:40:44, 
57:17,1,1,0.2,17.7,3,07:40:45, 
57:17,2,1,0.5,18.1,3,07:40:45, 
35:17,1,1,0.1,27.5,4,07:40:45, 
35:17,2,1,0.3,17.2,3,07:40:45, 
35:17,3,1,0.5,23.8,4,07:40:45, 
21:20,1,1,-0.1,18.8,3,07:40:50, 
21:20,2,1,-0.3,51.8,7,07:40:50, 
21:20,3,1,-0.4,55.2,9,07:40:50,*
50:40,2,1,21.9,32.3,2,07:40:51, 
83:41,1,1,27.2,61.1,5,07:40:59, 
83:41,2,1,26.5,110.0,13,07:40:59, 
83:41,3,1,25.8,87.0,10,07:40:59, 
83:41,4,1,25.6,83.4,9,07:40:59, 
94:41,1,1,0.3,10.8,2,07:40:59, 
94:41,2,1,1.0,19.5,3,07:40:59, 
94:41,3,1,1.7,12.4,2,07:40:59, 
10:6,2,1,-0.0,74.2,12,07:41:01,*
7:10,2,1,5.7,55.4,8,07:41:01, 
10:6,3,1,-0.0,68.2,11,07:41:01,*
7:10,3,1,0.0,30.4,5,07:41:01, 
78:23,1,1,0.6,121.0,20,07:41:03,*
55:78,1,1,4.7,64.2,10,07:41:03,*
78:23,2,1,1.8,120.6,18,07:41:03,*
55:78,2,1,6.4,63.8,11,07:41:03,*
78:23,3,1,3.0,121.7,18,07:41:03,*
55:78,3,1,9.5,66.2,10,07:41:03,*
37:14,1,1,0.1,108.3,16,07:41:04,*
87:37,1,1,-0.1,10.2,2,07:41:04, 
37:14,2,1,0.3,106.8,16,07:41:04,*
37:14,3,1,0.5,56.6,9,07:41:04, 
89:14,1,1,-0.2,81.1,12,07:41:04, 
89:14,2,1,-0.5,190.9,25,07:41:04, 
89:14,3,1,-0.8,88.0,13,07:41:04, 
83:12,1,1,1.3,36.7,6,07:41:07, 
83:12,2,1,3.9,20.9,3,07:41:07, 
83:12,3,1,6.5,16.9,2,07:41:07, 
115:12,1,1,1.0,229.8,33,07:41:07,*
115:12,2,1,3.0,20.0,3,07:41:07, 
115:12,2,2,78.7,194.0,15,07:41:07, 
115:12,3,1,5.0,140.2,19,07:41:07, 
24:89,1,1,-1.0,10.1,2,07:41:08, 
24:89,2,1,-3.1,15.4,3,07:41:08, 
24:89,3,1,-5.1,5.6,2,07:41:08, 
19:134,1,1,-0.6,9.8,2,07:41:11, 
19:134,1,2,62.1,73.5,1,07:41:11, 
19:134,2,1,-1.9,39.1,6,07:41:11, 
19:134,3,1,-3.2,32.5,5,07:41:11, 
114:31,1,1,-0.3,10.1,2,07:41:12, 
114:31,3,1,-1.6,8.9,2,07:41:12, 
85:63,1,1,-0.2,55.1,9,07:41:13, 
85:63,1,2,121.2,131.7,1,07:41:13, 
85:63,2,1,-0.5,223.3,35,07:41:13,*
73:85,2,1,4.9,31.5,4,07:41:13,*
38:39,1,1,-0.0,10.5,2,07:41:13, 
38:39,2,1,0.0,10.5,2,07:41:13, 
37:2,2,1,13.7,65.3,8,07:41:14, 
37:2,3,1,13.7,43.5,5,07:41:14, 
12:48,1,1,0.0,134.7,19,07:41:14, 
12:48,2,1,0.0,22.4,4,07:41:14, 
12:48,2,2,41.3,92.3,6,07:41:14, 
12:48,3,1,-0.0,52.4,7,07:41:14, 
108:48,1,1,0.0,25.1,4,07:41:14, 
108:48,2,1,-0.0,39.8,6,07:41:14, 
108:48,3,1,-0.0,21.0,4,07:41:14, 
38:75,1,1,0.0,34.5,6,07:41:17, 
38:75,2,1,0.1,34.6,6,07:41:17, 
38:75,3,1,0.2,82.5,13,07:41:17, 
38:75,4,1,0.3,70.2,11,07:41:17, 
133:130,3,1,-0.1,133.2,20,07:41:20,*
8:7,2,1,-0.1,44.4,7,07:41:22, 
8:7,3,1,-0.2,44.4,6,07:41:22, 
10:7,1,1,-0.1,41.3,7,07:41:22, 
10:7,2,1,-0.2,53.7,8,07:41:22, 
10:7,3,1,-0.4,60.2,8,07:41:22, 
89:14,1,1,55.1,150.9,12,07:41:27, 
89:14,2,1,118.9,131.2,1,07:41:27, 
89:14,3,1,-0.8,103.3,16,07:41:27, 
89:14,3,2,148.2,159.6,1,07:41:27, 
134:133,3,1,-0.0,17.6,3,07:41:27, 
77:9,1,1,-0.4,79.1,13,07:41:29,*
77:9,2,1,-1.2,70.1,11,07:41:29,*
77:9,3,1,-2.0,64.1,9,07:41:29,*
77:9,4,1,-2.8,50.6,8,07:41:29, 
145:22,1,1,-0.0,16.9,3,07:41:31, 
145:22,2,1,-0.0,39.7,6,07:41:31, 
145:22,3,1,-0.0,93.4,15,07:41:31,*
2:145,3,1,1.9,12.7,2,07:41:31, 
145:22,4,1,-0.0,92.1,14,07:41:31,*
2:145,4,1,0.9,16.3,2,07:41:31, 
101:102,1,1,1.8,127.0,20,07:41:31, 
63:54,1,1,24.2,76.9,8,07:41:32, 
63:54,2,1,24.0,71.1,7,07:41:32, 
63:54,3,1,23.9,60.9,6,07:41:32, 
75:42,1,1,0.7,32.7,5,07:41:34, 
75:42,2,1,2.2,16.8,3,07:41:34, 
128:42,1,1,0.9,111.4,17,07:41:34,*
129:128,1,1,3.5,52.5,8,07:41:34, 
128:42,2,1,2.6,113.2,17,07:41:34,*
129:128,2,1,5.3,53.5,8,07:41:34, 
60:33,1,1,0.7,38.4,6,07:41:36, 
60:33,2,1,2.2,25.7,4,07:41:36, 
60:33,3,1,3.7,133.2,20,07:41:36,*
102:60,3,1,8.4,19.6,2,07:41:36, 
36:24,1,1,9.2,35.4,4,07:41:38, 
36:24,2,1,9.9,70.0,9,07:41:38, 
36:24,3,1,11.5,63.1,7,07:41:38, 
36:24,4,1,12.1,45.3,5,07:41:38, 
18:17,1,1,2.8,12.1,2,07:41:40, 
18:17,2,1,3.1,66.6,10,07:41:40, 
18:17,3,1,3.5,14.0,2,07:41:40, 
3:2,2,1,-0.4,63.4,10,07:41:42, 
3:2,3,1,-0.3,52.5,8,07:41:42, 
27:6,1,1,0.1,10.9,2,07:41:43, 
27:6,2,1,0.3,10.9,2,07:41:43, 
133:18,1,1,13.5,37.5,4,07:41:45, 
133:18,2,1,10.5,87.3,12,07:41:45, 
133:18,3,1,7.5,38.1,5,07:41:45, 
49:102,2,1,3.4,19.4,3,07:41:47, 
49:102,3,1,3.9,15.3,2,07:41:47, 
18:19,1,1,0.2,37.3,6,07:41:48, 
18:19,2,1,0.5,36.7,6,07:41:48, 
18:19,3,1,0.8,24.2,4,07:41:48, 
14:37,1,1,-0.1,110.7,16,07:41:48,*
89:14,1,1,2.3,54.4,8,07:41:48, 
14:37,2,1,-0.3,53.4,8,07:41:48, 
14:37,2,2,66.8,93.2,3,07:41:48,*
87:37,1,1,-0.1,38.9,6,07:41:48, 
39:23,3,1,-3.7,71.9,11,07:41:52, 
39:23,4,1,-5.1,108.1,16,07:41:52,*
42:39,3,1,-3.2,127.7,19,07:41:53, 
42:39,3,2,141.9,153.5,1,07:41:53, 
42:39,4,1,-4.4,143.1,21,07:41:53, 
123:41,1,1,1.9,55.4,9,07:41:55,*
123:41,2,1,1.4,52.8,8,07:41:55,*
8:123,2,1,4.3,65.1,8,07:41:55,*
46:8,2,1,0.0,38.8,6,07:41:55, 
123:41,3,1,1.3,53.8,8,07:41:55,*
8:123,3,1,7.2,58.5,7,07:41:55,*
86:41,1,1,0.3,10.8,2,07:41:55, 
86:41,2,1,1.0,44.1,7,07:41:55, 
20:130,2,1,4.4,21.3,3,07:41:55, 
20:130,3,1,5.0,45.0,5,07:41:55, 
20:130,4,1,5.6,20.6,3,07:41:55, 
20:130,5,1,6.2,25.2,3,07:41:55, 
110:48,2,1,0.0,82.8,12,07:41:57,*
110:48,3,1,-0.0,46.7,7,07:41:57, 
112:89,1,1,0.7,48.7,7,07:41:57, 
112:89,2,1,2.0,60.0,8,07:41:57, 
112:89,3,1,3.4,44.4,6,07:41:57, 
48:12,1,1,-3.4,35.9,6,07:41:59, 
48:12,2,1,-5.7,33.9,6,07:41:59, 
48:12,3,1,-8.0,65.3,10,07:41:59, 
87:20,1,1,-0.0,77.4,12,07:42:00,*
87:20,2,1,-0.1,16.8,3,07:42:00, 
87:20,2,2,39.6,77.4,5,07:42:00,*
87:20,3,1,-0.2,75.1,12,07:42:00,*
87:20,4,1,-0.2,77.7,12,07:42:00,*
130:20,1,1,4.3,22.7,3,07:42:00, 
130:20,2,1,3.4,22.8,3,07:42:00, 
72:31,1,1,1.1,54.0,8,07:42:00, 
72:31,2,1,3.3,53.4,8,07:42:00, 
72:31,3,1,5.5,51.1,7,07:42:00, 
46:8,1,1,-0.0,93.4,14,07:42:05, 
46:8,2,1,0.0,37.0,6,07:42:05, 
57:19,1,1,-0.0,16.4,3,07:42:05, 
57:19,2,1,-0.1,13.8,3,07:42:05, 
57:19,3,1,-0.2,11.2,2,07:42:05, 
42:75,1,1,5.4,125.1,18,07:42:05,*
128:42,1,1,4.1,29.0,4,07:42:05, 
128:42,1,2,45.5,67.6,2,07:42:05, 
42:75,2,1,6.3,129.3,18,07:42:05,*
128:42,2,1,9.1,71.8,8,07:42:05, 
80:33,1,1,-0.3,10.3,2,07:42:06, 
80:33,2,1,-1.0,16.2,3,07:42:06, 
79:82,1,1,1.4,25.7,4,07:42:06, 
22:38,3,1,0.0,35.8,5,07:42:07, 
22:38,4,1,-0.0,28.9,5,07:42:07, 
22:38,4,2,59.6,71.9,1,07:42:07, 
23:22,1,1,2.8,47.1,7,07:42:11, 
23:22,1,2,73.0,85.7,1,07:42:11,*
78:23,1,1,0.6,107.7,18,07:42:11, 
23:22,2,1,3.5,107.7,15,07:42:11,*
78:23,2,1,1.8,118.9,16,07:42:11,*
55:78,2,1,4.4,63.8,11,07:42:11,*
23:22,3,1,65.0,81.8,2,07:42:11,*
137:133,1,1,0.1,181.2,27,07:42:12,*
138:137,1,1,6.5,84.6,15,07:42:12,*
137:133,2,1,0.2,10.6,2,07:42:12, 
137:133,2,2,169.5,181.6,1,07:42:12,*
138:137,2,1,2.0,67.7,9,07:42:12, 
137:133,3,1,0.3,16.9,3,07:42:12, 
31:32,1,1,-0.7,46.9,8,07:42:17, 
111:12,1,1,-1.5,63.2,10,07:42:18, 
111:12,2,1,-4.4,58.8,10,07:42:18, 
111:12,3,1,-7.3,133.9,21,07:42:18, 
25:24,1,1,-0.3,10.7,2,07:42:19, 
25:24,2,1,-0.8,30.8,4,07:42:19,*
40:7,1,1,0.0,18.9,3,07:42:20, 
40:7,2,1,0.1,15.5,3,07:42:20, 
40:7,3,1,0.2,34.3,5,07:42:20, 
40:7,4,1,0.3,18.6,3,07:42:20, 
90:40,1,1,0.8,30.7,5,07:42:20, 
90:40,2,1,2.5,56.3,9,07:42:20, 
90:40,3,1,4.2,60.4,9,07:42:20, 
26:14,1,1,-0.2,162.6,23,07:42:24, 
26:14,2,1,-0.5,75.7,12,07:42:24, 
26:14,3,1,-0.8,22.6,4,07:42:24, 
124:42,1,1,18.6,53.5,6,07:42:28, 
124:42,3,1,16.3,189.2,25,07:42:28,*
126:124,3,1,5.3,74.3,10,07:42:28, 
124:42,4,1,15.1,191.2,25,07:42:28,*
126:124,4,1,7.4,72.5,11,07:42:28, 
5:6,1,1,-0.2,35.8,6,07:42:29,*
5:6,2,1,-0.5,30.9,5,07:42:29,*
5:6,3,1,-0.8,30.2,5,07:42:29,*
5:6,4,1,-1.1,23.9,4,07:42:29,*
11:6,1,1,-0.5,34.0,6,07:42:29, 
11:6,2,1,-1.5,15.5,3,07:42:29, 
11:6,3,1,-2.4,42.6,7,07:42:29, 
50:54,1,1,-0.3,47.1,7,07:42:30,*
53:50,1,1,-2.7,70.2,10,07:42:30,*
50:54,2,1,-0.9,9.6,2,07:42:30, 
50:54,3,1,-1.4,9.5,2,07:42:30, 
2:9,1,1,0.1,10.6,2,07:42:32, 
2:9,2,1,0.4,81.1,12,07:42:32,*
37:2,2,1,13.7,30.6,3,07:42:32, 
2:9,3,1,0.7,23.8,4,07:42:32, 
130:75,2,1,0.2,10.6,2,07:42:32, 
20:18,2,1,17.8,43.8,4,07:42:39, 
17:37,1,1,-0.0,112.0,15,07:42:41,*
18:17,1,1,2.8,13.8,2,07:42:41, 
17:37,2,1,-0.1,112.4,16,07:42:41,*
17:37,3,1,-0.2,22.7,4,07:42:41, 
19:134,1,1,-0.6,21.6,4,07:42:41, 
19:134,2,1,-1.9,31.3,5,07:42:41, 
19:134,3,1,-3.2,40.1,5,07:42:41, 
50:40,1,1,22.4,52.0,5,07:42:43, 
50:40,2,1,21.9,57.1,5,07:42:43, 
7:8,1,1,-0.0,34.5,6,07:42:44, 
7:8,3,1,-0.0,9.3,2,07:42:44, 
35:17,1,1,0.1,78.2,12,07:42:45,*
35:17,2,1,0.3,69.8,11,07:42:45, 
35:17,3,1,0.5,23.1,4,07:42:45, 
21:20,1,1,-0.1,11.0,2,07:42:50, 
21:20,2,1,-0.3,50.5,7,07:42:50, 
21:20,3,1,-0.4,40.6,6,07:42:50, 
10:6,1,1,-0.0,34.5,6,07:42:53, 
10:6,2,1,-0.0,74.2,12,07:42:53,*
7:10,2,1,6.3,30.2,3,07:42:53, 
10:6,3,1,-0.0,70.0,11,07:42:53,*
7:10,3,1,1.9,14.8,2,07:42:53, 
78:23,1,1,0.6,118.5,20,07:42:55,*
55:78,1,1,1.7,59.6,10,07:42:55, 
78:23,2,1,1.8,120.8,18,07:42:55,*
55:78,2,1,8.0,64.8,10,07:42:55,*
78:23,3,1,3.0,122.2,18,07:42:55,*
55:78,3,1,8.7,69.7,11,07:42:55,*
83:41,2,1,26.5,161.7,21,07:42:59, 
83:41,3,1,25.8,174.6,22,07:42:59, 
83:41,4,1,25.6,169.1,21,07:42:59, 
83:41,4,2,184.4,205.4,2,07:42:59,*
94:41,2,1,1.0,14.8,2,07:42:59, 
94:41,3,1,1.7,21.8,3,07:42:59, 
101:102,1,1,1.8,85.2,14,07:43:01, 
37:14,1,1,0.1,42.8,7,07:43:04, 
37:14,1,2,64.5,74.9,1,07:43:04, 
37:14,1,3,97.5,109.4,1,07:43:04,*
87:37,1,1,-0.1,28.5,5,07:43:04, 
37:14,2,1,0.3,104.0,14,07:43:04,*
87:37,2,1,1.4,31.6,5,07:43:04, 
37:14,3,1,0.5,23.9,4,07:43:04, 
89:14,1,1,-0.2,143.3,21,07:43:04, 
89:14,2,1,-0.5,151.1,22,07:43:04, 
89:14,3,1,-0.8,31.9,5,07:43:04, 
89:14,3,2,50.8,62.2,1,07:43:04, 
89:14,3,3,96.7,119.9,3,07:43:04, 
38:39,1,1,-0.0,10.7,2,07:43:05, 
38:39,2,1,0.0,32.1,5,07:43:05, 
37:2,2,1,13.7,37.1,4,07:43:06, 
37:2,3,1,13.7,44.4,5,07:43:06, 
60:33,1,1,0.7,97.9,15,07:43:06, 
60:33,2,1,2.2,116.0,17,07:43:06, 
60:33,3,1,3.7,127.8,19,07:43:06, 
115:12,1,1,1.0,229.0,34,07:43:07,*
115:12,2,1,3.0,119.2,17,07:43:07, 
115:12,2,2,149.1,161.1,1,07:43:07, 
115:12,3,1,5.0,115.6,17,07:43:07, 
115:12,3,2,135.7,163.4,3,07:43:07, 
24:89,1,1,-1.0,45.1,7,07:43:08, 
24:89,2,1,-3.1,34.5,6,07:43:08, 
24:89,3,1,-5.1,5.5,2,07:43:08, 
38:75,3,1,0.2,83.1,13,07:43:09, 
38:75,4,1,0.3,86.4,13,07:43:09, 
114:31,1,1,-0.3,11.8,2,07:43:12, 
114:31,2,1,-1.0,24.2,4,07:43:12,*
114:31,3,1,-1.6,30.5,5,07:43:12,*
85:63,1,1,-0.2,27.8,5,07:43:13, 
85:63,2,1,-0.5,222.8,34,07:43:13,*
73:85,2,1,4.9,31.5,4,07:43:13,*
12:48,1,1,0.0,121.1,17,07:43:14, 
12:48,2,1,0.0,43.2,6,07:43:14, 
12:48,2,2,60.2,71.2,1,07:43:14, 
12:48,2,3,88.4,113.0,3,07:43:14, 
108:48,1,1,0.0,31.2,5,07:43:14, 
108:48,2,1,-0.0,32.0,5,07:43:14, 
108:48,3,1,-0.0,31.8,5,07:43:14, 
49:102,1,1,2.9,14.0,2,07:43:17, 
49:102,3,1,3.9,24.4,3,07:43:17, 
18:19,1,1,0.2,28.4,4,07:43:18, 
18:19,2,1,0.5,18.4,3,07:43:18, 
18:19,3,1,0.8,13.9,2,07:43:18, 
54:40,1,1,24.6,53.5,5,07:43:18, 
54:40,2,1,24.2,49.0,4,07:43:18, 
54:40,3,1,23.4,36.1,2,07:43:18, 
133:130,1,1,-0.0,10.4,2,07:43:20, 
133:130,2,1,-0.1,29.7,5,07:43:20, 
133:130,3,1,-0.1,129.1,21,07:43:20,*
77:9,2,1,-1.2,23.6,4,07:43:21, 
77:9,3,1,-2.0,51.2,8,07:43:21, 
77:9,4,1,-2.8,43.6,7,07:43:21, 
8:7,2,1,-0.1,10.3,2,07:43:22, 
8:7,3,1,-0.2,10.7,2,07:43:22, 
10:7,1,1,-0.1,92.2,14,07:43:22,*
6:10,1,1,16.0,89.0,12,07:43:22,*
10:7,2,1,-0.2,45.8,5,07:43:22, 
10:7,3,1,-0.4,47.9,7,07:43:22, 
145:22,1,1,-0.0,73.6,12,07:43:23, 
145:22,2,1,-0.0,34.5,6,07:43:23, 
145:22,3,1,-0.0,97.9,15,07:43:23,*
145:22,4,1,-0.0,78.8,12,07:43:23, 
75:42,1,1,0.7,11.2,2,07:43:26, 
75:42,2,1,2.2,21.2,3,07:43:26, 
128:42,1,1,0.9,110.1,17,07:43:26,*
129:128,1,1,2.5,54.2,8,07:43:26, 
128:42,2,1,2.6,114.7,17,07:43:26,*
129:128,2,1,5.7,55.1,8,07:43:26,*
54:63,1,1,3.6,27.5,4,07:43:27, 
74:63,1,1,-0.0,11.3,2,07:43:27, 
74:63,2,1,-0.0,12.4,2,07:43:27, 
74:63,3,1,0.0,11.5,2,07:43:27, 
89:14,1,1,91.3,152.6,7,07:43:27, 
89:14,2,1,14.4,35.8,2,07:43:27, 
89:14,2,2,113.4,150.6,4,07:43:27, 
89:14,3,1,-0.8,111.4,16,07:43:27, 
134:133,3,1,-0.0,10.5,2,07:43:27, 
63:54,1,1,24.2,58.3,5,07:43:32, 
63:54,2,1,24.0,48.6,4,07:43:32, 
63:54,3,1,23.9,60.2,5,07:43:32, 
3:2,2,1,-0.4,57.3,8,07:43:34, 
3:2,3,1,-0.3,77.3,11,07:43:34,*
4:3,3,1,4.3,43.4,6,07:43:34, 
57:19,1,1,-0.0,12.7,2,07:43:35, 
57:19,2,1,-0.1,24.8,4,07:43:35, 
57:19,3,1,-0.2,21.7,3,07:43:35, 
79:82,1,1,-0.0,26.6,4,07:43:36, 
36:24,1,1,9.2,66.0,9,07:43:38, 
36:24,2,1,9.9,56.0,7,07:43:38, 
36:24,3,1,11.5,32.8,3,07:43:38, 
36:24,4,1,12.1,41.5,4,07:43:38, 
18:17,1,1,2.8,26.2,4,07:43:40, 
18:17,2,1,3.1,56.0,7,07:43:40, 
18:17,3,1,3.5,45.7,6,07:43:40, 
39:23,3,1,-3.7,82.9,12,07:43:44, 
39:23,4,1,-5.1,79.9,13,07:43:44, 
133:18,1,1,13.5,38.0,4,07:43:45, 
133:18,2,1,10.5,56.0,7,07:43:45, 
133:18,3,1,7.5,38.9,5,07:43:45, 
42:39,1,1,-0.6,53.1,9,07:43:45, 
42:39,3,1,-3.2,111.9,17,07:43:45, 
42:39,4,1,-4.4,121.8,18,07:43:45, 
14:37,1,1,-0.1,101.3,15,07:43:48,*
14:37,2,1,-0.3,93.0,14,07:43:48,*
89:14,2,1,5.3,105.4,14,07:43:48, 
87:37,1,1,-0.1,41.7,7,07:43:48, 
87:37,2,1,-0.4,36.0,6,07:43:48, 
123:41,2,1,1.4,48.0,7,07:43:55,*
123:41,3,1,1.3,13.3,2,07:43:55, 
86:41,2,1,1.0,48.6,8,07:43:55, 
86:41,3,1,1.7,12.2,2,07:43:55, 
20:130,2,1,4.4,25.9,3,07:43:55, 
20:130,3,1,5.0,22.1,3,07:43:55, 
20:130,4,1,5.6,31.3,4,07:43:55, 
20:130,5,1,6.2,41.4,5,07:43:55, 
110:48,2,1,0.0,81.4,12,07:43:57,*
71:110,2,1,4.3,15.7,2,07:43:57, 
110:48,3,1,-0.0,29.5,5,07:43:57, 
42:75,1,1,5.4,129.0,18,07:43:57,*
128:42,1,1,8.9,100.4,11,07:43:57, 
42:75,2,1,6.3,122.1,18,07:43:57,*
128:42,2,1,2.6,76.1,10,07:43:57, 
31:89,2,1,2.7,13.2,2,07:43:57, 
112:89,1,1,0.7,46.2,7,07:43:57, 
112:89,2,1,2.0,43.5,6,07:43:57, 
112:89,3,1,3.4,43.3,6,07:43:57, 
22:38,3,1,0.0,26.5,4,07:43:59, 
22:38,4,1,-0.0,17.3,3,07:43:59, 
48:12,1,1,-3.4,67.8,10,07:43:59, 
48:12,2,1,-5.7,60.0,9,07:43:59, 
48:12,3,1,-8.0,74.2,13,07:43:59, 
87:20,1,1,-0.0,78.3,12,07:44:00,*
88:87,1,1,3.6,56.2,8,07:44:00,*
87:20,2,1,-0.1,36.2,6,07:44:00, 
87:20,2,2,58.9,79.2,2,07:44:00,*
88:87,2,1,2.2,55.2,8,07:44:00,*
87:20,3,1,-0.2,76.2,12,07:44:00,*
87:20,4,1,-0.2,75.7,12,07:44:00,*
130:20,1,1,4.3,22.1,3,07:44:00, 
130:20,2,1,3.4,20.5,3,07:44:00, 
72:31,1,1,1.1,40.2,6,07:44:00, 
72:31,2,1,3.3,47.0,7,07:44:00, 
72:31,3,1,5.5,52.0,7,07:44:00, 
23:22,1,1,2.8,58.8,8,07:44:03, 
23:22,1,2,86.7,106.0,2,07:44:03,*
78:23,1,1,0.6,118.4,19,07:44:03,*
55:78,1,1,4.8,64.0,10,07:44:03,*
23:22,2,1,3.5,73.6,11,07:44:03, 
23:22,3,1,4.1,14.6,2,07:44:03, 
23:22,3,2,59.7,79.3,2,07:44:03, 
46:8,1,1,-0.0,46.3,7,07:44:05, 
46:8,2,1,0.0,38.1,6,07:44:05, 
19:134,1,1,-0.6,20.4,3,07:44:11, 
19:134,2,1,-1.9,7.8,2,07:44:11, 
19:134,3,1,-3.2,24.8,4,07:44:11, 
90:40,1,1,0.8,11.3,2,07:44:12, 
90:40,2,1,2.5,102.5,13,07:44:12, 
90:40,3,1,4.2,35.5,5,07:44:12, 
137:133,1,1,0.1,167.1,27,07:44:12, 
137:133,3,1,0.3,31.2,5,07:44:12, 
31:32,1,1,-0.7,67.4,9,07:44:17, 
111:12,1,1,-1.5,103.4,16,07:44:18, 
111:12,2,1,-4.4,148.1,23,07:44:18, 
111:12,3,1,-7.3,108.6,18,07:44:18, 
25:24,1,1,-0.3,41.3,6,07:44:19,*
25:24,2,1,-0.8,52.6,8,07:44:19,*
40:7,1,1,0.0,58.8,8,07:44:20, 
40:7,2,1,0.1,54.9,7,07:44:20, 
40:7,3,1,0.2,52.4,8,07:44:20, 
40:7,4,1,0.3,50.7,8,07:44:20, 
124:42,3,1,16.3,187.4,26,07:44:20,*
126:124,3,1,3.5,71.9,11,07:44:20, 
124:42,4,1,15.1,184.9,25,07:44:20,*
126:124,4,1,2.3,75.8,12,07:44:20,*
5:6,2,1,-0.5,30.9,5,07:44:21,*
5:6,3,1,-0.8,30.0,5,07:44:21,*
5:6,4,1,-1.1,23.7,4,07:44:21,*
11:6,2,1,-1.5,16.8,3,07:44:21, 
11:6,3,1,-2.4,19.1,4,07:44:21, 
2:9,1,1,0.1,23.5,4,07:44:24, 
2:9,2,1,0.4,77.2,12,07:44:24,*
37:2,2,1,13.7,52.1,6,07:44:24, 
2:9,3,1,0.7,10.9,2,07:44:24, 
26:14,1,1,-0.2,121.1,18,07:44:24, 
26:14,1,2,151.3,163.9,1,07:44:24,*
26:14,2,1,-0.5,94.6,15,07:44:24, 
26:14,3,1,-0.8,25.5,4,07:44:24, 
130:75,2,1,0.2,45.9,7,07:44:24, 
130:75,3,1,0.3,40.2,6,07:44:24, 
50:54,1,1,-0.3,34.2,7,07:44:30,*
53:50,1,1,-9.1,67.1,11,07:44:30,*
101:102,1,1,1.8,56.3,9,07:44:31, 
50:40,1,1,22.4,32.8,2,07:44:35, 
50:40,2,1,21.9,71.1,8,07:44:35, 
60:33,1,1,0.7,117.5,18,07:44:36, 
60:33,2,1,2.2,128.6,19,07:44:36,*
60:33,3,1,3.7,131.7,19,07:44:36,*
15:16,2,1,18.3,27.8,2,07:44:39, 
20:18,2,1,17.8,37.9,3,07:44:39, 
20:18,3,1,19.6,31.2,2,07:44:39, 
17:37,1,1,-0.0,118.1,17,07:44:41,*
18:17,1,1,6.3,17.0,2,07:44:41, 
17:37,2,1,-0.1,97.4,15,07:44:41, 
17:37,3,1,-0.2,49.2,8,07:44:41, 
7:8,1,1,-0.0,145.6,21,07:44:44,*
7:8,2,1,-0.0,18.3,3,07:44:44, 
7:8,3,1,-0.0,8.3,2,07:44:44, 
123:8,1,1,-0.0,10.5,2,07:44:44, 
10:6,1,1,-0.0,52.9,9,07:44:45, 
10:6,2,1,-0.0,69.6,11,07:44:45,*
10:6,3,1,-0.0,56.9,9,07:44:45, 
57:17,1,1,0.2,15.6,3,07:44:45, 
57:17,2,1,0.5,17.4,3,07:44:45, 
35:17,1,1,0.1,55.9,9,07:44:45, 
35:17,2,1,0.3,56.6,9,07:44:45, 
35:17,3,1,0.5,10.9,2,07:44:45, 
78:23,1,1,0.6,117.9,19,07:44:47,*
55:78,1,1,4.3,62.2,10,07:44:47, 
78:23,2,1,1.8,120.2,18,07:44:47,*
55:78,2,1,5.9,64.8,11,07:44:47,*
78:23,3,1,3.0,121.4,19,07:44:47,*
55:78,3,1,8.5,69.7,11,07:44:47,*
49:102,2,1,3.4,16.9,2,07:44:47, 
21:20,1,1,-0.1,36.5,5,07:44:50, 
21:20,2,1,-0.3,44.9,7,07:44:50, 
21:20,3,1,-0.4,73.0,11,07:44:50,*
38:39,1,1,-0.0,33.8,5,07:44:57, 
38:39,2,1,0.0,30.0,5,07:44:57, 
37:2,2,1,13.7,50.0,6,07:44:58, 
37:2,3,1,13.7,43.5,5,07:44:58, 
83:41,2,1,26.5,157.3,20,07:44:59, 
83:41,3,1,25.8,195.0,25,07:44:59,*
83:41,4,1,25.6,209.6,27,07:44:59,*
94:41,1,1,0.3,11.5,2,07:44:59, 
94:41,2,1,1.0,44.8,6,07:44:59, 
94:41,3,1,1.7,20.9,3,07:44:59, 
38:75,1,1,0.0,51.0,9,07:45:01, 
38:75,2,1,0.1,34.6,6,07:45:01, 
38:75,3,1,0.2,98.7,15,07:45:01, 
38:75,4,1,0.3,94.5,14,07:45:01, 
37:14,1,1,0.1,97.9,15,07:45:04,*
87:37,1,1,4.7,64.6,9,07:45:04, 
37:14,2,1,0.3,11.1,2,07:45:04, 
37:14,2,2,39.2,107.0,10,07:45:04,*
87:37,2,1,-0.4,37.1,6,07:45:04, 
37:14,3,1,0.5,17.4,3,07:45:04, 
89:14,1,1,-0.2,149.5,21,07:45:04, 
89:14,2,1,-0.5,173.5,24,07:45:04, 
89:14,3,1,-0.8,91.5,12,07:45:04, 
57:19,2,1,-0.1,11.1,2,07:45:05, 
57:19,3,1,-0.2,15.0,2,07:45:05, 
80:33,1,1,-0.3,10.2,2,07:45:06, 
80:33,2,1,-1.0,24.2,4,07:45:06, 
79:82,1,1,-0.0,33.7,5,07:45:06, 
115:12,1,1,1.0,231.1,33,07:45:07,*
117:115,1,1,1.7,15.4,2,07:45:07, 
115:12,2,1,3.0,207.7,29,07:45:07, 
115:12,3,1,5.0,215.9,31,07:45:07, 
24:89,1,1,-1.0,61.2,9,07:45:08, 
24:89,2,1,-3.1,28.8,5,07:45:08, 
24:89,3,1,-5.1,33.1,6,07:45:08, 
54:40,2,1,24.2,41.1,3,07:45:10, 
54:40,3,1,23.4,40.3,3,07:45:10, 
77:9,1,1,-0.4,74.7,12,07:45:13,*
77:9,2,1,-1.2,9.3,2,07:45:13, 
77:9,3,1,-2.0,67.6,10,07:45:13,*
85:63,1,1,-0.2,128.7,20,07:45:13, 
85:63,2,1,-0.5,208.1,32,07:45:13, 
12:48,1,1,0.0,117.7,16,07:45:14, 
12:48,2,1,0.0,88.5,13,07:45:14, 
12:48,3,1,-0.0,45.1,6,07:45:14, 
108:48,1,1,0.0,23.4,4,07:45:14, 
108:48,2,1,-0.0,16.9,3,07:45:14, 
108:48,3,1,-0.0,26.0,4,07:45:14, 
145:22,1,1,-0.0,29.5,5,07:45:15, 
145:22,2,1,-0.0,22.5,4,07:45:15, 
145:22,3,1,-0.0,93.1,14,07:45:15,*
2:145,3,1,1.5,12.3,2,07:45:15, 
145:22,4,1,-0.0,71.2,11,07:45:15, 
75:42,1,1,0.7,56.3,8,07:45:18, 
75:42,2,1,2.2,52.7,7,07:45:18, 
128:42,1,1,0.9,112.8,17,07:45:18,*
129:128,1,1,5.7,55.4,8,07:45:18,*
128:42,2,1,2.6,110.9,17,07:45:18,*
129:128,2,1,1.7,52.4,8,07:45:18, 
133:130,1,1,-0.0,10.4,2,07:45:20, 
133:130,2,1,-0.1,10.4,2,07:45:20, 
133:130,3,1,-0.1,134.7,21,07:45:20,*
8:7,2,1,-0.1,8.4,2,07:45:22, 
10:7,1,1,-0.1,67.8,10,07:45:22, 
10:7,2,1,-0.2,57.5,9,07:45:22, 
10:7,3,1,-0.4,65.2,10,07:45:22, 
3:2,2,1,-0.4,58.6,9,07:45:26, 
3:2,3,1,-0.3,37.6,6,07:45:26, 
54:63,1,1,3.6,14.2,2,07:45:27, 
74:63,1,1,-0.0,30.3,5,07:45:27, 
74:63,2,1,-0.0,14.1,2,07:45:27, 
74:63,3,1,0.0,10.5,2,07:45:27, 
89:14,1,1,-0.2,75.9,10,07:45:27, 
89:14,1,2,159.3,171.7,1,07:45:27, 
89:14,2,1,4.5,22.7,3,07:45:27, 
89:14,2,2,44.9,109.7,7,07:45:27, 
89:14,2,3,127.6,174.1,6,07:45:27, 
89:14,3,1,-0.8,112.9,16,07:45:27, 
134:133,1,1,0.0,10.4,2,07:45:27, 
134:133,3,1,-0.0,17.1,3,07:45:27, 
63:54,1,1,24.2,41.5,3,07:45:32, 
63:54,2,1,24.0,54.9,5,07:45:32, 
63:54,3,1,23.9,40.8,3,07:45:32, 
39:23,3,1,-3.7,31.9,6,07:45:36, 
39:23,3,2,52.4,120.4,9,07:45:36,*
42:39,3,1,-3.2,154.4,24,07:45:36, 
39:23,4,1,-5.1,96.0,15,07:45:36, 
42:39,3,1,-3.2,154.2,24,07:45:37, 
42:39,4,1,-4.4,141.9,22,07:45:37, 
36:24,1,1,9.2,44.0,5,07:45:38, 
36:24,2,1,9.9,59.5,8,07:45:38, 
36:24,3,1,11.5,22.0,2,07:45:38, 
36:24,4,1,12.1,29.6,3,07:45:38, 
18:17,1,1,2.8,12.2,2,07:45:40, 
18:17,2,1,3.1,50.3,7,07:45:40, 
18:17,3,1,3.5,21.3,2,07:45:40, 
19:134,1,1,-0.6,20.6,3,07:45:41, 
19:134,1,2,46.5,57.3,1,07:45:41, 
19:134,2,1,-1.9,8.6,2,07:45:41, 
19:134,2,2,45.6,57.7,1,07:45:41, 
19:134,3,1,-3.2,32.3,5,07:45:41, 
19:134,3,2,54.1,62.8,1,07:45:41, 
133:18,1,1,13.5,36.6,4,07:45:45, 
133:18,2,1,10.5,82.9,12,07:45:45, 
133:18,3,1,7.5,33.3,4,07:45:45, 
133:18,3,2,61.0,69.2,1,07:45:45, 
14:37,1,1,-0.1,114.2,17,07:45:48,*
89:14,1,1,6.3,150.7,20,07:45:48, 
14:37,2,1,-0.3,113.0,17,07:45:48,*
89:14,2,1,3.8,121.8,16,07:45:48, 
89:14,2,2,134.3,154.3,2,07:45:48, 
87:37,1,1,-0.1,79.2,12,07:45:48, 
87:37,2,1,-0.4,35.8,6,07:45:48, 
42:75,1,1,5.4,125.8,18,07:45:49,*
128:42,1,1,6.0,63.7,8,07:45:49, 
42:75,2,1,6.3,123.5,18,07:45:49,*
128:42,2,1,2.6,114.7,14,07:45:49,*
129:128,2,1,5.7,55.8,9,07:45:49,*
22:38,3,1,0.0,46.8,7,07:45:51, 
22:38,4,1,-0.0,20.0,4,07:45:51, 
22:38,4,2,56.6,75.1,2,07:45:51, 
23:22,1,1,2.8,80.6,12,07:45:55,*
23:22,2,1,3.5,67.6,10,07:45:55, 
23:22,2,2,86.0,109.9,3,07:45:55,*
78:23,2,1,1.8,95.8,13,07:45:55, 
23:22,3,1,4.1,28.2,3,07:45:55, 
23:22,3,2,79.0,90.8,1,07:45:55,*
78:23,3,1,3.0,85.5,12,07:45:55, 
123:41,1,1,1.9,54.5,9,07:45:55,*
123:41,2,1,1.4,36.2,5,07:45:55, 
123:41,3,1,1.3,53.0,8,07:45:55,*
8:123,3,1,7.3,39.0,5,07:45:55, 
86:41,1,1,0.3,17.1,3,07:45:55, 
86:41,2,1,1.0,67.1,10,07:45:55,*
48:86,2,1,6.0,37.1,5,07:45:55, 
20:130,2,1,4.4,15.2,2,07:45:55, 
20:130,3,1,5.0,22.1,2,07:45:55, 
20:130,4,1,5.6,15.4,2,07:45:55, 
20:130,5,1,6.2,30.7,4,07:45:55, 
110:48,1,1,-0.0,52.4,9,07:45:57, 
110:48,2,1,0.0,68.6,10,07:45:57, 
110:48,3,1,-0.0,35.7,6,07:45:57, 
110:48,3,2,64.9,78.7,1,07:45:57,*
71:110,3,1,1.3,68.5,10,07:45:57, 
31:89,1,1,0.9,11.4,2,07:45:57, 
31:89,2,1,2.7,13.2,2,07:45:57, 
112:89,1,1,0.7,32.0,5,07:45:57, 
112:89,2,1,2.0,49.1,7,07:45:57, 
112:89,3,1,3.4,47.9,7,07:45:57, 
48:12,1,1,-3.4,53.4,9,07:45:59, 
48:12,2,1,-5.7,54.6,9,07:45:59, 
48:12,3,1,-8.0,45.8,9,07:45:59, 
87:20,1,1,-0.0,75.7,12,07:46:00,*
87:20,2,1,-0.1,77.6,12,07:46:00,*
88:87,2,1,2.6,57.0,8,07:46:00,*
87:20,3,1,-0.2,78.1,12,07:46:00,*
87:20,4,1,-0.2,75.8,12,07:46:00,*
130:20,1,1,4.3,14.5,2,07:46:00, 
130:20,2,1,3.4,27.7,3,07:46:00, 
72:31,1,1,1.1,63.1,9,07:46:00, 
72:31,2,1,3.3,63.8,9,07:46:00, 
72:31,3,1,5.5,75.7,10,07:46:00, 
90:40,1,1,0.8,27.9,4,07:46:04, 
90:40,2,1,2.5,129.8,19,07:46:04, 
90:40,3,1,4.2,82.2,12,07:46:04, 
46:8,1,1,-0.0,57.3,9,07:46:05, 
46:8,2,1,0.0,29.8,5,07:46:05, 
60:33,1,1,0.7,96.8,16,07:46:06, 
60:33,2,1,2.2,85.9,14,07:46:06, 
60:33,3,1,3.7,131.1,20,07:46:06,*
124:42,1,1,18.6,90.0,12,07:46:12, 
124:42,3,1,16.3,186.1,25,07:46:12,*
126:124,3,1,2.1,75.5,13,07:46:12,*
124:42,4,1,15.1,186.6,26,07:46:12,*
126:124,4,1,2.4,72.0,12,07:46:12, 
137:133,1,1,0.1,167.7,25,07:46:12, 
137:133,2,1,0.2,15.4,3,07:46:12, 
137:133,3,1,0.3,17.2,3,07:46:12, 
5:6,2,1,-0.5,29.1,5,07:46:13,*
5:6,3,1,-0.8,30.0,5,07:46:13,*
5:6,4,1,-1.1,23.8,4,07:46:13,*
11:6,1,1,-0.5,51.8,9,07:46:13,*
11:6,2,1,-1.5,10.7,2,07:46:13, 
11:6,3,1,-2.4,61.5,9,07:46:13,*
9:11,3,1,13.9,63.9,7,07:46:13, 
2:9,1,1,0.1,10.6,2,07:46:16, 
2:9,2,1,0.4,80.5,12,07:46:16,*
37:2,2,1,13.7,95.3,12,07:46:16, 
2:9,3,1,0.7,22.4,4,07:46:16, 
130:75,2,1,0.2,31.5,5,07:46:16, 
130:75,3,1,0.3,18.0,3,07:46:16, 
31:32,1,1,-0.7,10.0,2,07:46:17, 
18:19,1,1,0.2,17.1,3,07:46:18, 
18:19,2,1,0.5,21.8,4,07:46:18, 
18:19,3,1,0.8,11.3,2,07:46:18, 
111:12,1,1,-1.5,133.8,20,07:46:18, 
111:12,2,1,-4.4,152.7,24,07:46:18,*
111:12,3,1,-7.3,22.1,5,07:46:18, 
25:24,1,1,-0.3,10.2,2,07:46:19, 
25:24,2,1,-0.8,13.1,2,07:46:19, 
40:7,1,1,0.0,41.3,7,07:46:20, 
40:7,2,1,0.1,32.0,5,07:46:20, 
40:7,3,1,0.2,18.8,3,07:46:20, 
40:7,3,2,46.6,61.1,1,07:46:20, 
40:7,4,1,0.3,17.5,3,07:46:20, 
26:14,1,1,-0.2,177.1,26,07:46:24,*
26:14,2,1,-0.5,62.9,10,07:46:24, 
50:40,1,1,22.4,64.3,7,07:46:27, 
50:40,2,1,21.9,104.8,12,07:46:27,*
53:50,2,1,-3.7,67.4,10,07:46:27,*
41:53,2,1,10.8,45.8,6,07:46:27, 
50:54,1,1,-0.3,40.2,7,07:46:30,*
53:50,1,1,-6.5,72.2,12,07:46:30,*
50:54,2,1,-0.9,9.6,2,07:46:30, 
50:54,3,1,-1.4,9.0,2,07:46:30, 
57:19,1,1,-0.0,10.8,2,07:46:35, 
57:19,2,1,-0.1,10.3,2,07:46:35, 
57:19,3,1,-0.2,8.5,2,07:46:35, 
80:33,2,1,-1.0,16.1,3,07:46:36, 
79:82,1,1,-0.0,21.5,3,07:46:36, 
10:6,2,1,-0.0,41.2,7,07:46:37, 
10:6,3,1,-0.0,29.5,5,07:46:37, 
20:18,2,1,17.8,29.4,2,07:46:39, 
20:18,3,1,19.6,37.7,3,07:46:39, 
78:23,1,1,0.6,121.2,19,07:46:39,*
55:78,1,1,6.7,64.1,10,07:46:39,*
78:23,2,1,1.8,118.6,18,07:46:39,*
55:78,2,1,4.3,64.8,11,07:46:39,*
78:23,3,1,3.0,119.6,18,07:46:39,*
55:78,3,1,4.5,69.7,12,07:46:39,*
17:37,1,1,-0.0,91.7,14,07:46:41, 
17:37,2,1,-0.1,108.5,16,07:46:41,*
17:37,3,1,-0.2,47.7,7,07:46:41, 
7:8,1,1,-0.0,34.5,6,07:46:44, 
7:8,3,1,-0.0,11.8,2,07:46:44, 
123:8,1,1,-0.0,34.7,6,07:46:44, 
57:17,1,1,0.2,68.8,10,07:46:45, 
57:17,2,1,0.5,43.8,7,07:46:45, 
35:17,2,1,0.3,30.1,5,07:46:45, 
38:39,1,1,-0.0,47.2,7,07:46:49, 
38:39,2,1,0.0,46.3,7,07:46:49, 
37:2,1,1,13.7,37.5,4,07:46:50, 
37:2,2,1,13.7,97.1,13,07:46:50, 
37:2,3,1,13.7,107.5,14,07:46:50, 
21:20,1,1,-0.1,43.7,6,07:46:50, 
21:20,2,1,-0.3,67.3,9,07:46:50,*
22:21,2,1,2.4,24.3,4,07:46:50, 
21:20,3,1,-0.4,57.6,9,07:46:50,*
38:75,3,1,0.2,86.1,13,07:46:53, 
38:75,4,1,0.3,82.0,12,07:46:53, 
83:41,1,1,27.2,37.7,2,07:46:59, 
83:41,2,1,26.5,188.3,24,07:46:59,*
83:41,3,1,25.8,205.2,26,07:46:59,*
12:83,3,1,5.5,54.6,7,07:46:59, 
12:83,3,2,73.4,85.5,1,07:46:59,*
48:12,3,1,-8.0,2.5,2,07:46:59, 
83:41,4,1,25.6,209.8,27,07:46:59,*
94:41,1,1,0.3,29.7,4,07:46:59, 
94:41,2,1,1.0,37.5,6,07:46:59, 
94:41,3,1,1.7,25.9,4,07:46:59, 
54:40,1,1,24.6,57.8,5,07:47:02, 
54:40,2,1,24.2,61.6,6,07:47:02, 
54:40,3,1,23.4,66.2,6,07:47:02, 
37:14,1,1,0.1,80.0,13,07:47:04,*
37:14,2,1,0.3,106.7,16,07:47:04,*
87:37,2,1,-0.4,16.5,3,07:47:04, 
37:14,3,1,0.5,62.6,10,07:47:04, 
89:14,1,1,-0.2,191.4,27,07:47:04, 
89:14,2,1,-0.5,197.4,27,07:47:04, 
89:14,3,1,-0.8,61.4,9,07:47:04, 
89:14,3,2,181.3,205.0,2,07:47:04,*
77:9,2,1,-1.2,10.0,2,07:47:05, 
77:9,3,1,-2.0,35.8,6,07:47:05, 
77:9,4,1,-2.8,14.1,3,07:47:05, 
145:22,1,1,-0.0,74.0,12,07:47:07, 
145:22,2,1,-0.0,23.7,4,07:47:07, 
145:22,2,2,78.5,102.4,3,07:47:07,*
145:22,3,1,-0.0,81.9,13,07:47:07, 
145:22,4,1,-0.0,84.0,13,07:47:07, 
83:12,1,1,1.3,23.7,4,07:47:07, 
83:12,2,1,3.9,14.3,2,07:47:07, 
83:12,3,1,6.5,16.9,2,07:47:07, 
115:12,1,1,1.0,235.7,35,07:47:07,*
117:115,1,1,8.0,62.5,7,07:47:07, 
115:12,2,1,3.0,232.6,33,07:47:07,*
117:115,2,1,5.0,72.3,9,07:47:07, 
115:12,3,1,5.0,229.5,34,07:47:07,*
24:89,1,1,-1.0,39.0,6,07:47:08, 
24:89,2,1,-3.1,28.8,5,07:47:08, 
75:42,1,1,0.7,24.3,4,07:47:10, 
75:42,2,1,2.2,41.9,6,07:47:10, 
128:42,1,1,0.9,112.0,17,07:47:10,*
129:128,1,1,4.0,55.3,8,07:47:10,*
128:42,2,1,2.6,110.3,17,07:47:10,*
129:128,2,1,2.0,53.5,8,07:47:10, 
19:134,1,1,-0.6,14.9,2,07:47:11, 
19:134,2,1,-1.9,23.9,4,07:47:11, 
19:134,3,1,-3.2,13.0,3,07:47:11, 
114:31,1,1,-0.3,37.5,6,07:47:12,*
114:31,3,1,-1.6,8.2,2,07:47:12, 
85:63,1,1,-0.2,85.9,14,07:47:13, 
85:63,2,1,-0.5,156.8,25,07:47:13, 
12:48,1,1,0.0,133.5,19,07:47:14, 
12:48,2,1,0.0,77.3,11,07:47:14, 
12:48,3,1,-0.0,58.2,8,07:47:14, 
12:48,3,2,70.6,82.9,1,07:47:14, 
108:48,1,1,0.0,24.8,4,07:47:14, 
108:48,2,1,-0.0,17.1,3,07:47:14, 
108:48,3,1,-0.0,25.7,4,07:47:14, 
3:2,2,1,-0.4,55.3,8,07:47:18, 
3:2,3,1,-0.3,75.1,11,07:47:18,*
4:3,3,1,2.7,10.8,2,07:47:18, 
27:6,1,1,0.1,23.7,4,07:47:19, 
27:6,2,1,0.3,22.7,4,07:47:19, 
133:130,2,1,-0.1,16.8,3,07:47:20, 
133:130,3,1,-0.1,130.7,20,07:47:20,*
8:7,2,1,-0.1,36.7,6,07:47:22, 
8:7,3,1,-0.2,31.9,4,07:47:22, 
10:7,1,1,-0.1,86.3,14,07:47:22,*
10:7,2,1,-0.2,50.4,8,07:47:22, 
10:7,2,2,70.4,79.2,1,07:47:22,*
6:10,2,1,3.1,19.0,2,07:47:22, 
10:7,3,1,-0.4,78.8,12,07:47:22,*
89:14,1,1,7.2,36.9,4,07:47:27, 
89:14,1,2,109.3,200.6,11,07:47:27,*
89:14,2,1,164.5,202.1,4,07:47:27,*
89:14,3,1,-0.8,85.0,13,07:47:27, 
134:133,1,1,0.0,10.5,2,07:47:27, 
39:23,4,1,-5.1,119.5,18,07:47:28,*
42:39,4,1,-4.4,155.0,22,07:47:28,*
42:39,1,1,-0.6,54.1,9,07:47:29, 
42:39,3,1,-3.2,147.6,21,07:47:29, 
42:39,4,1,-4.4,154.7,22,07:47:29,*
63:54,1,1,24.2,39.7,3,07:47:32, 
63:54,2,1,24.0,47.9,4,07:47:32, 
63:54,3,1,23.9,47.5,4,07:47:32, 
60:33,1,1,0.7,74.1,12,07:47:36, 
60:33,2,1,2.2,120.0,18,07:47:36, 
60:33,3,1,3.7,116.5,17,07:47:36, 
36:24,1,1,9.2,49.6,6,07:47:38, 
36:24,2,1,9.9,59.2,8,07:47:38, 
36:24,3,1,11.5,57.1,7,07:47:38, 
36:24,4,1,12.1,41.3,4,07:47:38, 
18:17,1,1,2.8,19.7,3,07:47:40, 
18:17,2,1,3.1,41.3,6,07:47:40, 
18:17,3,1,3.5,14.6,2,07:47:40, 
42:75,1,1,5.4,116.5,17,07:47:41,*
128:42,1,1,0.9,92.0,13,07:47:41, 
42:75,2,1,6.3,117.7,17,07:47:41,*
128:42,2,1,6.5,33.2,4,07:47:41, 
128:42,2,2,68.5,104.7,4,07:47:41,*
22:38,3,1,0.0,25.3,4,07:47:43, 
22:38,4,1,-0.0,71.9,10,07:47:43, 
133:18,1,1,13.5,44.3,5,07:47:45, 
133:18,2,1,10.5,90.3,11,07:47:45, 
133:18,3,1,7.5,67.2,9,07:47:45, 
133:18,3,2,81.8,106.5,3,07:47:45, 
23:22,1,1,2.8,26.2,4,07:47:47, 
23:22,1,2,98.3,120.3,3,07:47:47,*
78:23,1,1,0.6,118.0,16,07:47:47,*
55:78,1,1,3.9,62.1,11,07:47:47, 
23:22,2,1,3.5,92.5,13,07:47:47,*
78:23,2,1,1.8,117.4,17,07:47:47,*
55:78,2,1,1.3,64.8,11,07:47:47,*
49:102,1,1,2.9,14.8,2,07:47:47, 
49:102,2,1,3.4,21.1,3,07:47:47, 
49:102,3,1,3.9,21.3,3,07:47:47, 
18:19,1,1,0.2,30.0,5,07:47:48, 
18:19,2,1,0.5,37.3,6,07:47:48, 
18:19,3,1,0.8,29.2,5,07:47:48, 
14:37,1,1,-0.1,114.9,17,07:47:48,*
89:14,1,1,5.8,179.4,22,07:47:48, 
14:37,2,1,-0.3,65.7,10,07:47:48, 
87:37,2,1,-0.4,16.5,3,07:47:48, 
123:41,1,1,1.9,34.4,6,07:47:55, 
123:41,2,1,1.4,51.3,8,07:47:55,*
8:123,2,1,3.6,57.9,8,07:47:55,*
123:41,3,1,1.3,44.6,7,07:47:55, 
86:41,1,1,0.3,21.9,4,07:47:55, 
86:41,2,1,1.0,65.9,10,07:47:55,*
48:86,2,1,5.2,31.0,4,07:47:55, 
86:41,3,1,1.7,38.1,5,07:47:55, 
20:130,1,1,3.8,28.1,3,07:47:55, 
20:130,2,1,4.4,23.3,3,07:47:55, 
20:130,3,1,5.0,25.2,3,07:47:55, 
20:130,4,1,5.6,34.6,4,07:47:55, 
20:130,5,1,6.2,26.3,3,07:47:55, 
90:40,1,1,0.8,17.7,3,07:47:56, 
90:40,2,1,2.5,149.6,21,07:47:56, 
90:40,3,1,4.2,74.8,11,07:47:56, 
110:48,2,1,0.0,78.7,12,07:47:57,*
71:110,2,1,1.1,90.7,12,07:47:57, 
110:48,3,1,-0.0,10.4,2,07:47:57, 
110:48,3,2,34.4,83.9,7,07:47:57,*
71:110,3,1,6.5,81.1,11,07:47:57, 
31:89,1,1,0.9,24.3,4,07:47:57, 
31:89,2,1,2.7,38.7,6,07:47:57, 
31:89,3,1,4.6,40.4,6,07:47:57, 
112:89,1,1,0.7,53.0,7,07:47:57, 
112:89,2,1,2.0,55.7,8,07:47:57, 
112:89,3,1,3.4,52.8,7,07:47:57, 
48:12,1,1,-3.4,31.4,5,07:47:59, 
48:12,2,1,-5.7,28.0,5,07:47:59, 
48:12,3,1,-8.0,16.4,4,07:47:59, 
87:20,1,1,-0.0,74.9,12,07:48:00,*
87:20,2,1,-0.1,67.6,11,07:48:00, 
87:20,3,1,-0.2,76.9,12,07:48:00,*
87:20,4,1,-0.2,76.2,12,07:48:00,*
130:20,1,1,4.3,15.4,2,07:48:00, 
130:20,2,1,3.4,18.8,3,07:48:00, 
72:31,1,1,1.1,85.0,12,07:48:00, 
72:31,2,1,3.3,93.0,12,07:48:00, 
72:31,3,1,5.5,22.4,3,07:48:00, 
72:31,3,2,39.8,66.0,3,07:48:00, 
124:42,3,1,16.3,190.3,25,07:48:04,*
126:124,3,1,6.0,75.5,11,07:48:04,*
124:42,4,1,15.1,186.4,25,07:48:04,*
126:124,4,1,2.8,71.6,11,07:48:04, 
5:6,2,1,-0.5,29.4,5,07:48:05,*
5:6,3,1,-0.8,30.2,5,07:48:05,*
5:6,4,1,-1.1,23.9,4,07:48:05,*
11:6,2,1,-1.5,29.5,5,07:48:05, 
11:6,3,1,-2.4,37.2,6,07:48:05, 
46:8,1,1,-0.0,39.0,6,07:48:05, 
46:8,2,1,0.0,30.9,5,07:48:05, 
57:19,1,1,-0.0,13.4,2,07:48:05, 
57:19,2,1,-0.1,10.3,2,07:48:05, 
79:82,2,1,0.0,8.3,2,07:48:06, 
2:9,1,1,0.1,29.9,5,07:48:08, 
2:9,2,1,0.4,43.4,7,07:48:08, 
2:9,3,1,0.7,30.5,5,07:48:08, 
130:75,2,1,0.2,17.7,3,07:48:08, 
130:75,3,1,0.3,18.7,3,07:48:08, 
137:133,1,1,0.1,180.6,26,07:48:12,*
138:137,1,1,6.5,89.6,15,07:48:12,*
137:133,2,1,0.2,25.5,4,07:48:12, 
137:133,2,2,115.4,182.5,8,07:48:12,*
138:137,2,1,6.9,71.3,11,07:48:12, 
137:133,3,1,0.3,51.2,8,07:48:12, 
31:32,1,1,-0.7,71.2,10,07:48:17, 
111:12,1,1,-1.5,93.7,15,07:48:18, 
111:12,2,1,-4.4,90.0,15,07:48:18, 
111:12,3,1,-7.3,131.0,21,07:48:18, 
25:24,1,1,-0.3,43.3,6,07:48:19,*
25:24,2,1,-0.8,22.4,3,07:48:19, 
50:40,1,1,22.4,64.5,7,07:48:19, 
50:40,2,1,21.9,65.9,7,07:48:19, 
40:7,1,1,0.0,23.6,4,07:48:20, 
40:7,2,1,0.1,17.7,3,07:48:20, 
40:7,3,1,0.2,33.1,5,07:48:20, 
40:7,4,1,0.3,33.1,5,07:48:20, 
26:14,1,1,-0.2,132.1,20,07:48:24, 
26:14,2,1,-0.5,91.2,14,07:48:24, 
10:6,1,1,-0.0,72.6,12,07:48:29,*
10:6,2,1,-0.0,57.8,9,07:48:29, 
10:6,3,1,-0.0,43.2,7,07:48:29, 
50:54,1,1,-0.3,43.4,7,07:48:30,*
53:50,1,1,-1.1,69.9,10,07:48:30,*
78:23,1,1,0.6,120.0,18,07:48:31,*
55:78,1,1,5.8,61.9,10,07:48:31, 
78:23,2,1,1.8,118.8,18,07:48:31,*
55:78,2,1,5.4,64.8,11,07:48:31,*
78:23,3,1,3.0,119.1,18,07:48:31,*
55:78,3,1,6.4,69.7,11,07:48:31,*
20:18,2,1,17.8,75.3,8,07:48:39, 
20:18,3,1,19.6,43.3,4,07:48:39, 
17:37,1,1,-0.0,74.9,11,07:48:41, 
17:37,2,1,-0.1,124.9,18,07:48:41,*
17:37,3,1,-0.2,62.3,9,07:48:41, 
19:134,1,1,-0.6,11.1,2,07:48:41, 
19:134,2,1,-1.9,21.8,3,07:48:41, 
19:134,3,1,-3.2,4.9,2,07:48:41, 
38:39,1,1,-0.0,91.0,14,07:48:41,*
38:39,2,1,0.0,82.1,13,07:48:41, 
37:2,2,1,13.7,99.6,14,07:48:42, 
37:2,3,1,13.7,102.1,14,07:48:42, 
7:8,1,1,-0.0,60.1,9,07:48:44, 
7:8,2,1,-0.0,54.5,8,07:48:44, 
7:8,3,1,-0.0,43.7,6,07:48:44, 
123:8,2,1,-0.0,17.0,3,07:48:44, 
123:8,3,1,0.0,47.5,7,07:48:44,*
57:17,1,1,0.2,125.7,19,07:48:45, 
57:17,2,1,0.5,118.5,18,07:48:45, 
35:17,3,1,0.5,10.9,2,07:48:45, 
38:75,1,1,0.0,51.0,9,07:48:45, 
38:75,2,1,0.1,34.6,6,07:48:45, 
38:75,3,1,0.2,43.0,7,07:48:45, 
38:75,4,1,0.3,53.3,8,07:48:45, 
21:20,1,1,-0.1,66.9,10,07:48:50,*
21:20,2,1,-0.3,29.9,5,07:48:50, 
21:20,3,1,-0.4,66.1,10,07:48:50,*
54:40,1,1,24.6,60.0,6,07:48:54, 
54:40,2,1,24.2,59.9,6,07:48:54, 
54:40,3,1,23.4,47.8,4,07:48:54, 
77:9,2,1,-1.2,28.9,5,07:48:57, 
77:9,3,1,-2.0,21.5,4,07:48:57, 
145:22,1,1,-0.0,74.0,12,07:48:59, 
145:22,3,1,-0.0,93.2,14,07:48:59,*
2:145,3,1,2.0,50.7,6,07:48:59, 
145:22,4,1,-0.0,94.2,13,07:48:59,*
83:41,2,1,26.5,191.0,26,07:48:59,*
83:41,3,1,25.8,196.7,25,07:48:59,*
83:41,4,1,25.6,203.9,26,07:48:59,*
94:41,1,1,0.3,38.2,5,07:48:59, 
94:41,2,1,1.0,39.1,6,07:48:59, 
94:41,3,1,1.7,27.1,4,07:48:59, 
75:42,1,1,0.7,48.2,7,07:49:02, 
75:42,2,1,2.2,34.0,5,07:49:02, 
128:42,1,1,0.9,115.0,18,07:49:02,*
129:128,1,1,6.7,55.1,8,07:49:02,*
128:42,2,1,2.6,111.0,17,07:49:02,*
129:128,2,1,3.2,53.5,9,07:49:02, 
37:14,1,1,0.1,100.3,15,07:49:04,*
87:37,1,1,-0.1,43.2,7,07:49:04, 
37:14,2,1,0.3,79.6,12,07:49:04,*
37:14,3,1,0.5,23.5,4,07:49:04, 
89:14,1,1,-0.2,221.7,30,07:49:04,*
24:89,1,1,-1.0,35.2,6,07:49:04, 
89:14,2,1,-0.5,94.4,14,07:49:04, 
89:14,2,2,119.0,208.6,11,07:49:04,*
24:89,2,1,-3.1,35.9,5,07:49:04, 
89:14,3,1,-0.8,10.3,2,07:49:04, 
89:14,3,2,163.0,187.8,3,07:49:04, 
60:33,1,1,0.7,101.2,16,07:49:06, 
60:33,2,1,2.2,116.0,18,07:49:06, 
60:33,3,1,3.7,129.5,19,07:49:06,*
83:12,1,1,1.3,32.3,5,07:49:07, 
83:12,2,1,3.9,15.3,2,07:49:07, 
115:12,1,1,1.0,232.1,33,07:49:07,*
117:115,1,1,4.4,96.7,14,07:49:07, 
115:12,2,1,3.0,208.6,29,07:49:07, 
115:12,3,1,5.0,232.0,32,07:49:07,*
117:115,3,1,5.7,97.9,15,07:49:07, 
24:89,1,1,-1.0,34.6,6,07:49:08, 
24:89,2,1,-3.1,30.8,5,07:49:08, 
24:89,3,1,-5.1,13.0,3,07:49:08, 
3:2,2,1,-0.4,59.9,9,07:49:10, 
3:2,3,1,-0.3,78.3,11,07:49:10,*
4:3,3,1,5.9,33.3,4,07:49:10, 
27:6,1,1,0.1,36.2,6,07:49:11, 
27:6,2,1,0.3,33.0,5,07:49:11, 
114:31,1,1,-0.3,10.1,2,07:49:12, 
114:31,2,1,-1.0,25.6,4,07:49:12,*
114:31,3,1,-1.6,16.5,3,07:49:12, 
85:63,1,1,-0.2,46.7,8,07:49:13, 
85:63,2,1,-0.5,112.9,18,07:49:13, 
12:48,1,1,0.0,147.4,21,07:49:14, 
12:48,2,1,0.0,101.1,15,07:49:14, 
12:48,3,1,-0.0,62.6,9,07:49:14, 
108:48,1,1,0.0,23.4,4,07:49:14, 
108:48,2,1,-0.0,30.9,5,07:49:14, 
108:48,3,1,-0.0,23.4,4,07:49:14, 
49:102,1,1,2.9,14.7,2,07:49:17, 
49:102,3,1,3.9,31.4,4,07:49:17, 
18:19,1,1,0.2,28.1,4,07:49:18, 
18:19,2,1,0.5,29.0,4,07:49:18, 
18:19,2,2,46.8,62.7,1,07:49:18, 
18:19,3,1,0.8,26.4,4,07:49:18, 
18:19,3,2,72.3,109.5,4,07:49:18, 
39:23,3,1,-3.7,24.1,5,07:49:20, 
39:23,3,2,66.1,122.1,7,07:49:20,*
42:39,3,1,-3.2,176.3,24,07:49:20,*
39:23,4,1,-5.1,118.4,18,07:49:20,*
42:39,4,1,-4.4,158.5,23,07:49:20,*
133:130,1,1,-0.0,10.9,2,07:49:20, 
133:130,2,1,-0.1,10.4,2,07:49:20, 
133:130,3,1,-0.1,130.7,19,07:49:20,*
42:39,1,1,-0.6,34.3,6,07:49:21, 
42:39,2,1,-1.9,32.6,6,07:49:21, 
42:39,3,1,-3.2,176.3,24,07:49:21,*
42:39,4,1,-4.4,157.7,23,07:49:21,*
8:7,2,1,-0.1,34.9,5,07:49:22, 
8:7,2,2,60.6,73.4,1,07:49:22, 
8:7,3,1,-0.2,82.0,12,07:49:22, 
10:7,1,1,-0.1,93.3,15,07:49:22,*
10:7,2,1,-0.2,56.2,7,07:49:22, 
10:7,3,1,-0.4,49.2,8,07:49:22, 
54:63,2,1,4.0,23.5,3,07:49:27, 
89:14,1,1,143.3,216.0,9,07:49:27,*
89:14,2,1,12.1,23.6,1,07:49:27, 
89:14,2,2,106.8,143.3,4,07:49:27, 
89:14,2,3,162.9,203.2,5,07:49:27,*
89:14,3,1,-0.8,9.6,2,07:49:27, 
134:133,3,1,-0.0,13.9,2,07:49:27, 
63:54,1,1,24.2,59.8,6,07:49:32, 
63:54,2,1,24.0,75.9,8,07:49:32, 
63:54,3,1,23.9,60.7,6,07:49:32, 
42:75,1,1,5.4,108.6,16,07:49:33,*
128:42,1,1,0.9,110.6,15,07:49:33,*
129:128,1,1,3.2,55.1,9,07:49:33,*
42:75,2,1,6.3,123.3,18,07:49:33,*
128:42,2,1,2.6,45.5,7,07:49:33, 
57:19,1,1,-0.0,12.0,2,07:49:35, 
57:19,2,1,-0.1,9.9,2,07:49:35, 
57:19,3,1,-0.2,11.7,2,07:49:35, 
22:38,3,1,0.0,17.7,3,07:49:35, 
22:38,4,1,-0.0,61.7,8,07:49:35, 
22:38,4,2,101.5,135.3,5,07:49:35, 
80:33,2,1,-1.0,16.3,3,07:49:36, 
79:82,1,1,-0.0,34.7,6,07:49:36, 
36:24,1,1,9.2,64.7,8,07:49:38, 
36:24,2,1,9.9,71.0,9,07:49:38, 
36:24,3,1,11.5,57.7,7,07:49:38, 
36:24,4,1,12.1,46.2,5,07:49:38, 
23:22,1,1,2.8,83.0,11,07:49:39,*
23:22,2,1,3.5,66.7,9,07:49:39, 
23:22,2,2,85.4,103.7,2,07:49:39,*
78:23,2,1,1.8,118.7,18,07:49:39,*
55:78,2,1,3.7,66.8,11,07:49:39,*
23:22,3,1,4.1,49.1,7,07:49:39, 
18:17,1,1,2.8,13.3,2,07:49:40, 
18:17,2,1,3.1,19.4,3,07:49:40, 
18:17,3,1,3.5,20.8,3,07:49:40, 
133:18,1,1,13.5,115.5,16,07:49:45, 
133:18,2,1,10.5,179.5,26,07:49:45, 
133:18,3,1,7.5,131.0,20,07:49:45, 
133:18,3,2,156.6,176.0,2,07:49:45, 
90:40,1,1,0.8,48.8,7,07:49:48, 
90:40,2,1,2.5,83.6,12,07:49:48, 
90:40,3,1,4.2,87.1,12,07:49:48, 
14:37,1,1,-0.1,110.1,16,07:49:48,*
89:14,1,1,4.4,29.6,4,07:49:48, 
89:14,1,2,43.4,81.6,4,07:49:48, 
14:37,2,1,-0.3,49.9,8,07:49:48, 
87:37,1,1,-0.1,50.7,8,07:49:48, 
87:37,2,1,-0.4,46.5,8,07:49:48, 
123:41,1,1,1.9,41.6,7,07:49:55, 
123:41,2,1,1.4,31.3,5,07:49:55, 
123:41,3,1,1.3,28.9,5,07:49:55, 
86:41,1,1,0.3,18.2,3,07:49:55, 
86:41,2,1,1.0,43.8,7,07:49:55, 
86:41,3,1,1.7,42.2,6,07:49:55, 
20:130,2,1,4.4,29.8,3,07:49:55, 
20:130,3,1,5.0,22.1,3,07:49:55, 
20:130,4,1,5.6,22.8,3,07:49:55, 
20:130,5,1,6.2,17.8,2,07:49:55, 
20:130,5,2,41.9,53.4,1,07:49:55, 
124:42,3,1,16.3,191.7,25,07:49:56,*
126:124,3,1,7.2,75.2,11,07:49:56,*
124:42,4,1,15.1,189.3,25,07:49:56,*
126:124,4,1,5.6,72.6,11,07:49:56, 
5:6,1,1,-0.2,35.9,6,07:49:57,*
5:6,2,1,-0.5,30.3,5,07:49:57,*
5:6,3,1,-0.8,24.2,4,07:49:57,*
5:6,4,1,-1.1,23.3,4,07:49:57,*
11:6,1,1,-0.5,33.9,6,07:49:57, 
11:6,2,1,-1.5,40.5,6,07:49:57, 
11:6,3,1,-2.4,51.7,7,07:49:57,*
110:48,2,1,0.0,68.8,11,07:49:57, 
110:48,3,1,-0.0,10.1,2,07:49:57, 
31:89,1,1,0.9,63.3,9,07:49:57,*
72:31,1,1,1.1,122.0,18,07:49:57,*
98:72,1,1,2.1,58.3,9,07:49:57, 
31:89,2,1,2.7,39.1,6,07:49:57, 
31:89,3,1,4.6,40.8,6,07:49:57, 
112:89,1,1,0.7,40.5,6,07:49:57, 
112:89,2,1,2.0,48.1,7,07:49:57, 
112:89,3,1,3.4,41.5,6,07:49:57, 
48:12,1,1,-3.4,34.6,6,07:49:59, 
48:12,2,1,-5.7,26.4,5,07:49:59, 
48:12,3,1,-8.0,24.7,5,07:49:59, 
2:9,1,1,0.1,17.0,3,07:50:00, 
2:9,2,1,0.4,59.6,9,07:50:00, 
2:9,3,1,0.7,34.7,6,07:50:00, 
87:20,1,1,-0.0,60.6,10,07:50:00, 
87:20,2,1,-0.1,54.7,9,07:50:00, 
87:20,3,1,-0.2,76.3,12,07:50:00,*
87:20,4,1,-0.2,76.3,12,07:50:00,*
130:20,1,1,4.3,23.6,3,07:50:00, 
130:20,2,1,3.4,21.3,3,07:50:00, 
72:31,1,1,1.1,121.4,18,07:50:00,*
98:72,1,1,1.9,58.5,9,07:50:00, 
72:31,2,1,3.3,127.0,18,07:50:00,*
98:72,2,1,7.1,55.7,7,07:50:00, 
72:31,3,1,5.5,121.7,17,07:50:00,*
98:72,3,1,1.9,56.1,7,07:50:00, 
130:75,2,1,0.2,10.8,2,07:50:00, 
130:75,3,1,0.3,11.5,2,07:50:00, 
46:8,1,1,-0.0,36.3,6,07:50:05, 
46:8,2,1,0.0,24.3,4,07:50:05, 
50:40,1,1,22.4,63.3,7,07:50:11, 
50:40,2,1,21.9,64.9,7,07:50:11, 
19:134,1,1,-0.6,19.4,3,07:50:11, 
19:134,1,2,49.0,62.9,1,07:50:11, 
19:134,2,1,-1.9,29.2,4,07:50:11, 
19:134,3,1,-3.2,17.4,3,07:50:11, 
137:133,1,1,0.1,180.0,25,07:50:12,*
138:137,1,1,5.5,33.6,4,07:50:12, 
137:133,2,1,0.2,10.6,2,07:50:12, 
137:133,2,2,104.2,129.8,3,07:50:12, 
137:133,2,3,163.2,182.7,2,07:50:12,*
137:133,3,1,0.3,44.0,7,07:50:12, 
31:32,1,1,-0.7,88.5,13,07:50:17, 
31:32,3,1,-3.4,8.2,2,07:50:17, 
111:12,1,1,-1.5,111.5,17,07:50:18, 
111:12,2,1,-4.4,109.8,17,07:50:18, 
111:12,3,1,-7.3,118.3,19,07:50:18, 
25:24,1,1,-0.3,29.5,4,07:50:19, 
25:24,2,1,-0.8,27.5,4,07:50:19, 
40:7,1,1,0.0,10.5,2,07:50:20, 
40:7,4,1,0.3,36.4,6,07:50:20, 
10:6,1,1,-0.0,53.1,9,07:50:21, 
10:6,2,1,-0.0,69.2,11,07:50:21,*
7:10,2,1,1.5,45.7,8,07:50:21, 
10:6,3,1,-0.0,70.2,11,07:50:21,*
7:10,3,1,2.3,55.3,8,07:50:21, 
78:23,1,1,0.6,118.0,19,07:50:23,*
55:78,1,1,0.7,60.4,10,07:50:23, 
78:23,2,1,1.8,115.6,18,07:50:23,*
78:23,3,1,3.0,118.6,18,07:50:23,*
55:78,3,1,6.6,69.7,11,07:50:23,*
26:14,1,1,-0.2,87.5,14,07:50:24, 
26:14,2,1,-0.5,53.9,9,07:50:24, 
50:54,1,1,-0.3,38.9,6,07:50:30,*
53:50,1,1,-5.9,49.8,8,07:50:30, 
50:54,2,1,-0.9,22.5,4,07:50:30, 
50:54,3,1,-1.4,9.0,2,07:50:30, 
38:39,1,1,-0.0,84.1,13,07:50:33, 
38:39,2,1,0.0,98.2,14,07:50:33,*
37:2,1,1,13.7,24.2,2,07:50:34, 
37:2,2,1,13.7,81.0,11,07:50:34, 
37:2,3,1,13.7,67.3,9,07:50:34, 
60:33,1,1,0.7,101.1,15,07:50:36, 
60:33,2,1,2.2,108.0,16,07:50:36, 
60:33,3,1,3.7,124.3,19,07:50:36, 
38:75,3,1,0.2,103.6,15,07:50:37, 
38:75,4,1,0.3,93.6,14,07:50:37, 
20:18,2,1,17.8,79.5,9,07:50:39, 
20:18,3,1,19.6,37.2,3,07:50:39, 
17:37,1,1,-0.0,32.5,5,07:50:41, 
17:37,2,1,-0.1,122.0,18,07:50:41,*
18:17,2,1,5.3,65.0,9,07:50:41, 
17:37,3,1,-0.2,42.9,7,07:50:41, 
7:8,1,1,-0.0,50.9,9,07:50:44, 
7:8,2,1,-0.0,43.2,7,07:50:44, 
7:8,3,1,-0.0,74.8,11,07:50:44, 
123:8,2,1,-0.0,16.9,3,07:50:44, 
123:8,3,1,0.0,17.2,3,07:50:44, 
57:17,1,1,0.2,187.2,27,07:50:45, 
57:17,2,1,0.5,166.5,25,07:50:45, 
54:40,1,1,24.6,69.7,7,07:50:46, 
54:40,2,1,24.2,87.9,10,07:50:46,*
63:54,2,1,24.0,73.2,8,07:50:46, 
54:40,3,1,23.4,88.7,10,07:50:46,*
63:54,3,1,23.9,50.8,4,07:50:46, 
49:102,2,1,3.4,11.8,2,07:50:47, 
18:19,1,1,0.2,10.8,2,07:50:48, 
18:19,2,1,0.5,24.4,3,07:50:48, 
18:19,3,1,0.8,22.7,4,07:50:48, 
77:9,1,1,-0.4,34.9,6,07:50:49, 
77:9,2,1,-1.2,25.9,4,07:50:49, 
77:9,3,1,-2.0,42.7,7,07:50:49, 
77:9,4,1,-2.8,44.1,6,07:50:49, 
21:20,1,1,-0.1,50.8,8,07:50:50, 
21:20,2,1,-0.3,36.5,6,07:50:50, 
21:20,3,1,-0.4,65.2,10,07:50:50,*
145:22,1,1,-0.0,86.3,15,07:50:51,*
145:22,2,1,71.0,83.9,2,07:50:51, 
145:22,3,1,-0.0,58.9,10,07:50:51, 
145:22,4,1,-0.0,59.1,9,07:50:51, 
75:42,1,1,0.7,11.2,2,07:50:54, 
75:42,2,1,2.2,26.3,4,07:50:54, 
128:42,1,1,0.9,109.2,17,07:50:54,*
129:128,1,1,0.5,55.1,9,07:50:54,*
128:42,2,1,2.6,92.6,14,07:50:54, 
83:41,2,1,26.5,190.6,24,07:50:59,*
83:41,3,1,25.8,209.5,27,07:50:59,*
12:83,3,1,2.8,74.8,10,07:50:59,*
83:41,4,1,25.6,206.2,26,07:50:59,*
94:41,1,1,0.3,31.3,5,07:50:59, 
94:41,2,1,1.0,58.8,9,07:50:59, 
94:41,3,1,1.7,52.5,8,07:50:59, 
3:2,1,1,51.4,88.4,3,07:51:02,*
3:2,2,1,-0.4,73.1,11,07:51:02,*
4:3,2,1,0.0,10.5,2,07:51:02, 
3:2,3,1,-0.3,74.7,12,07:51:02,*
4:3,3,1,1.5,76.5,10,07:51:02,*
27:6,1,1,0.1,39.8,7,07:51:03, 
27:6,2,1,0.3,35.7,6,07:51:03, 
37:14,1,1,0.1,81.6,13,07:51:04,*
37:14,2,1,0.3,68.8,11,07:51:04, 
37:14,2,2,95.3,108.3,2,07:51:04,*
87:37,2,1,5.6,28.4,4,07:51:04, 
37:14,3,1,0.5,54.2,9,07:51:04, 
89:14,1,1,-0.2,196.6,28,07:51:04, 
89:14,2,1,-0.5,100.5,15,07:51:04, 
89:14,3,1,-0.8,35.3,5,07:51:04, 
57:19,2,1,-0.1,10.8,2,07:51:05, 
80:33,2,1,-1.0,16.2,3,07:51:06, 
142:33,1,1,-0.4,10.1,2,07:51:06, 
142:33,2,1,-1.2,9.3,2,07:51:06, 
79:82,1,1,-0.0,16.9,3,07:51:06, 
83:12,1,1,1.3,31.1,5,07:51:07, 
83:12,2,1,3.9,14.3,2,07:51:07, 
83:12,3,1,6.5,16.9,2,07:51:07, 
115:12,1,1,1.0,235.7,32,07:51:07,*
117:115,1,1,6.2,103.5,18,07:51:07,*
115:12,2,1,3.0,229.7,31,07:51:07,*
115:12,3,1,5.0,226.9,32,07:51:07,*
24:89,1,1,-1.0,13.7,3,07:51:08, 
24:89,2,1,-3.1,13.9,3,07:51:08, 
24:89,3,1,-5.1,5.3,2,07:51:08, 
39:23,3,1,-3.7,50.3,7,07:51:12, 
39:23,3,2,91.7,118.9,3,07:51:12,*
42:39,3,1,-3.2,135.3,21,07:51:12, 
39:23,4,1,-5.1,96.0,16,07:51:12, 
114:31,1,1,-0.3,16.9,3,07:51:12, 
114:31,2,1,-1.0,27.2,4,07:51:12,*
114:31,3,1,-1.6,8.8,2,07:51:12, 
85:63,1,1,-0.2,8.4,2,07:51:13, 
85:63,2,1,-0.5,79.5,13,07:51:13, 
42:39,1,1,-0.6,39.2,6,07:51:13, 
42:39,3,1,-3.2,134.0,21,07:51:13, 
42:39,4,1,-4.4,134.0,20,07:51:13, 
12:48,1,1,0.0,71.2,9,07:51:14, 
12:48,2,1,0.0,72.0,10,07:51:14, 
12:48,3,1,-0.0,61.6,9,07:51:14, 
108:48,1,1,0.0,18.0,3,07:51:14, 
108:48,2,1,-0.0,26.6,4,07:51:14, 
108:48,3,1,-0.0,26.0,4,07:51:14, 
133:130,1,1,-0.0,10.4,2,07:51:20, 
133:130,2,1,-0.1,29.7,5,07:51:20, 
133:130,3,1,-0.1,136.7,21,07:51:20,*
8:7,1,1,-0.0,37.1,6,07:51:22, 
8:7,2,1,-0.1,17.7,3,07:51:22, 
8:7,2,2,56.4,74.4,2,07:51:22, 
8:7,3,1,-0.2,18.4,3,07:51:22, 
8:7,3,2,57.5,69.2,1,07:51:22, 
10:7,1,1,-0.1,94.4,15,07:51:22,*
10:7,2,1,-0.2,16.7,3,07:51:22, 
10:7,2,2,42.1,64.0,3,07:51:22, 
10:7,3,1,-0.4,58.9,9,07:51:22, 
42:75,1,1,5.4,125.8,18,07:51:25,*
128:42,1,1,5.0,64.8,9,07:51:25, 
42:75,2,1,6.3,124.0,18,07:51:25,*
128:42,2,1,2.6,50.4,7,07:51:25, 
22:38,3,1,0.0,63.4,8,07:51:27, 
22:38,4,1,-0.0,28.3,5,07:51:27, 
54:63,2,1,4.0,15.2,2,07:51:27, 
74:63,1,1,-0.0,16.5,2,07:51:27, 
89:14,1,1,106.4,119.2,1,07:51:27, 
89:14,1,2,134.0,190.3,7,07:51:27, 
89:14,2,1,109.8,128.8,2,07:51:27, 
89:14,3,1,-0.8,138.0,19,07:51:27, 
134:133,3,1,-0.0,10.5,2,07:51:27, 
23:22,1,1,2.8,45.1,7,07:51:31, 
23:22,2,1,3.5,109.9,16,07:51:31,*
78:23,2,1,1.8,120.7,18,07:51:31,*
55:78,2,1,3.4,66.8,12,07:51:31,*
23:22,3,1,4.1,27.8,4,07:51:31, 
63:54,1,1,24.2,97.5,11,07:51:32, 
63:54,2,1,24.0,99.5,12,07:51:32, 
63:54,3,1,23.9,79.5,9,07:51:32, 
36:24,1,1,9.2,102.7,14,07:51:38,*
36:24,2,1,9.9,94.4,12,07:51:38,*
36:24,3,1,11.5,44.0,5,07:51:38, 
36:24,4,1,12.1,22.6,2,07:51:38, 
18:17,1,1,2.8,64.9,10,07:51:40, 
18:17,2,1,3.1,106.3,16,07:51:40, 
18:17,3,1,3.5,32.5,5,07:51:40, 
90:40,1,1,0.8,35.0,6,07:51:40, 
90:40,2,1,2.5,137.9,20,07:51:40, 
90:40,3,1,4.2,54.2,8,07:51:40, 
19:134,1,1,-0.6,17.0,3,07:51:41, 
19:134,2,1,-1.9,15.7,3,07:51:41, 
19:134,3,1,-3.2,15.6,3,07:51:41, 
133:18,1,1,13.5,103.5,14,07:51:45, 
133:18,2,1,10.5,206.8,29,07:51:45, 
133:18,3,1,7.5,104.0,15,07:51:45, 
133:18,3,2,124.2,172.8,8,07:51:45, 
14:37,1,1,-0.1,49.9,7,07:51:48, 
14:37,2,1,-0.3,105.8,14,07:51:48,*
89:14,2,1,3.7,68.9,9,07:51:48, 
87:37,1,1,-0.1,56.3,9,07:51:48, 
87:37,2,1,-0.4,23.2,4,07:51:48, 
124:42,1,1,18.6,72.5,9,07:51:48, 
124:42,2,1,17.4,52.0,6,07:51:48, 
124:42,3,1,16.3,189.1,25,07:51:48,*
126:124,3,1,5.8,74.8,11,07:51:48,*
124:42,4,1,15.1,184.7,25,07:51:48,*
126:124,4,1,0.5,75.4,12,07:51:48,*
5:6,1,1,-0.2,35.8,6,07:51:49,*
5:6,2,1,-0.5,30.8,5,07:51:49,*
5:6,3,1,-0.8,30.1,5,07:51:49,*
5:6,4,1,-1.1,23.8,4,07:51:49,*
11:6,1,1,-0.5,34.0,6,07:51:49, 
11:6,2,1,-1.5,41.6,7,07:51:49, 
11:6,3,1,-2.4,58.2,8,07:51:49,*
9:11,3,1,12.2,62.7,8,07:51:49, 
2:9,1,1,0.1,23.5,4,07:51:52, 
2:9,2,1,0.4,23.8,4,07:51:52, 
2:9,2,2,41.4,64.6,2,07:51:52,*
2:9,3,1,0.7,32.2,5,07:51:52, 
130:75,3,1,0.3,18.0,3,07:51:52, 
123:41,1,1,1.9,54.2,9,07:51:55,*
123:41,2,1,1.4,37.2,5,07:51:55, 
123:41,3,1,1.3,24.7,4,07:51:55, 
86:41,1,1,0.3,39.6,6,07:51:55, 
86:41,2,1,1.0,62.0,9,07:51:55,*
48:86,2,1,0.8,26.7,4,07:51:55, 
86:41,3,1,1.7,67.3,9,07:51:55,*
20:130,1,1,3.8,15.2,2,07:51:55, 
20:130,2,1,4.4,22.6,3,07:51:55, 
20:130,3,1,5.0,15.6,2,07:51:55, 
20:130,4,1,5.6,16.2,2,07:51:55, 
20:130,5,1,6.2,30.3,4,07:51:55, 
110:48,1,1,-0.0,34.5,6,07:51:57, 
110:48,2,1,0.0,67.7,10,07:51:57, 
110:48,3,1,-0.0,37.5,6,07:51:57, 
31:89,1,1,0.9,29.4,5,07:51:57, 
31:89,2,1,2.7,32.2,5,07:51:57, 
31:89,3,1,4.6,40.8,6,07:51:57, 
112:89,1,1,0.7,39.1,5,07:51:57, 
112:89,2,1,2.0,56.8,8,07:51:57, 
112:89,3,1,3.4,53.8,7,07:51:57, 
48:12,1,1,-3.4,14.6,3,07:51:59, 
48:12,2,1,-5.7,29.7,5,07:51:59, 
48:12,3,1,-8.0,29.8,6,07:51:59, 
87:20,1,1,-0.0,60.4,10,07:52:00, 
87:20,2,1,-0.1,47.0,8,07:52:00, 
87:20,3,1,-0.2,76.4,12,07:52:00,*
87:20,4,1,-0.2,74.4,12,07:52:00,*
130:20,1,1,4.3,21.0,3,07:52:00, 
130:20,2,1,3.4,13.8,2,07:52:00, 
72:31,1,1,1.1,112.0,17,07:52:00, 
72:31,2,1,3.3,121.9,17,07:52:00,*
98:72,2,1,2.2,60.0,8,07:52:00, 
72:31,3,1,5.5,125.4,18,07:52:00,*
98:72,3,1,6.5,63.5,9,07:52:00,*
101:102,1,1,1.8,74.3,11,07:52:01, 
50:40,1,1,22.4,41.5,3,07:52:03, 
50:40,2,1,21.9,50.5,4,07:52:03, 
46:8,1,1,-0.0,54.2,8,07:52:05, 
46:8,2,1,0.0,67.9,10,07:52:05, 
60:33,1,1,0.7,103.2,16,07:52:06, 
60:33,2,1,2.2,119.2,18,07:52:06, 
60:33,3,1,3.7,103.7,16,07:52:06, 
137:133,1,1,0.1,132.2,19,07:52:12, 
137:133,2,1,0.2,32.5,5,07:52:12, 
137:133,3,1,0.3,42.2,6,07:52:12, 
10:6,1,1,-0.0,34.5,6,07:52:13, 
10:6,2,1,-0.0,70.0,11,07:52:13,*
7:10,2,1,3.1,53.1,8,07:52:13, 
10:6,3,1,-0.0,68.5,11,07:52:13,*
7:10,3,1,0.0,43.3,7,07:52:13, 
78:23,1,1,0.6,115.5,19,07:52:15,*
78:23,2,1,1.8,120.7,18,07:52:15,*
55:78,2,1,3.4,66.8,12,07:52:15,*
78:23,3,1,3.0,71.9,11,07:52:15, 
31:32,1,1,-0.7,98.6,15,07:52:17, 
49:102,1,1,2.9,21.9,3,07:52:17, 
49:102,2,1,3.4,13.3,2,07:52:17, 
49:102,3,1,3.9,15.3,2,07:52:17, 
18:19,1,1,0.2,30.2,5,07:52:18, 
18:19,2,1,0.5,36.9,6,07:52:18, 
18:19,3,1,0.8,30.6,5,07:52:18, 
111:12,1,1,-1.5,114.1,17,07:52:18, 
111:12,2,1,-4.4,120.7,18,07:52:18, 
111:12,3,1,-7.3,153.1,24,07:52:18,*
40:7,4,1,0.3,22.7,4,07:52:20, 
26:14,1,1,-0.2,95.9,14,07:52:24, 
26:14,2,1,-0.5,87.7,13,07:52:24, 
26:14,3,1,-0.8,16.3,3,07:52:24, 
38:39,1,1,-0.0,81.4,13,07:52:25, 
38:39,2,1,0.0,97.5,15,07:52:25,*
37:2,3,1,13.7,25.7,2,07:52:26, 
38:75,3,1,0.2,69.4,11,07:52:29, 
38:75,4,1,0.3,66.3,10,07:52:29, 
50:54,1,1,-0.3,33.0,7,07:52:30,*
53:50,1,1,-9.1,67.7,11,07:52:30,*
50:54,2,1,-0.9,10.2,2,07:52:30, 
50:54,3,1,-1.4,15.5,3,07:52:30, 
57:19,1,1,-0.0,13.7,2,07:52:35, 
80:33,2,1,-1.0,9.8,2,07:52:36, 
79:82,1,1,-0.0,41.2,7,07:52:36, 
54:40,1,1,24.6,62.8,6,07:52:38, 
54:40,2,1,24.2,99.7,11,07:52:38,*
63:54,2,1,26.3,127.1,15,07:52:38,*
74:63,2,1,0.2,10.6,2,07:52:38, 
54:40,3,1,23.4,98.9,11,07:52:38,*
63:54,3,1,26.0,34.4,2,07:52:38, 
15:16,1,1,12.1,53.6,6,07:52:39,*
15:16,2,1,18.3,36.8,4,07:52:39, 
20:18,2,1,17.8,79.7,9,07:52:39, 
77:9,1,1,-0.4,34.2,6,07:52:41, 
77:9,2,1,-1.2,12.4,2,07:52:41, 
77:9,3,1,-2.0,48.8,8,07:52:41, 
77:9,4,1,-2.8,29.5,5,07:52:41, 
17:37,1,1,-0.0,49.1,7,07:52:41, 
17:37,2,1,-0.1,122.9,18,07:52:41,*
18:17,2,1,8.6,130.1,18,07:52:41, 
17:37,3,1,-0.2,44.6,7,07:52:41, 
145:22,1,1,-0.0,59.4,10,07:52:43, 
145:22,2,1,37.1,80.0,7,07:52:43, 
145:22,3,1,-0.0,45.2,6,07:52:43, 
145:22,4,1,-0.0,46.2,7,07:52:43, 
7:8,1,1,-0.0,157.1,23,07:52:44,*
10:7,1,1,-0.1,64.8,10,07:52:44, 
7:8,2,1,-0.0,76.0,11,07:52:44, 
7:8,3,1,-0.0,81.9,12,07:52:44, 
123:8,1,1,-0.0,34.4,6,07:52:44, 
123:8,2,1,-0.0,47.2,7,07:52:44,*
41:123,2,1,2.6,20.2,3,07:52:44, 
123:8,3,1,0.0,50.4,8,07:52:44,*
41:123,3,1,5.5,32.5,4,07:52:44, 
57:17,1,1,0.2,239.2,36,07:52:45,*
57:17,2,1,0.5,234.0,35,07:52:45,*
33:57,2,1,4.3,76.7,10,07:52:45,*
60:33,2,1,2.2,77.3,14,07:52:45, 
75:42,1,1,0.7,46.5,6,07:52:46, 
75:42,2,1,2.2,26.3,4,07:52:46, 
128:42,1,1,0.9,115.3,17,07:52:46,*
129:128,1,1,6.8,55.1,9,07:52:46,*
128:42,2,1,2.6,45.1,7,07:52:46, 
21:20,1,1,-0.1,44.0,6,07:52:50, 
21:20,2,1,-0.3,36.4,6,07:52:50, 
21:20,3,1,-0.4,59.2,9,07:52:50,*
3:2,1,1,55.5,91.5,6,07:52:54,*
3:2,2,1,-0.4,51.3,8,07:52:54, 
3:2,3,1,-0.3,73.7,11,07:52:54,*
4:3,3,1,2.7,23.7,3,07:52:54, 
4:3,3,2,51.4,75.9,3,07:52:54,*
27:6,1,1,0.1,47.6,8,07:52:55, 
27:6,2,1,0.3,16.4,3,07:52:55, 
83:41,2,1,26.5,184.9,25,07:52:59, 
83:41,3,1,25.8,202.8,25,07:52:59,*
12:83,3,1,4.9,119.6,17,07:52:59,*
83:41,4,1,25.6,207.9,26,07:52:59,*
94:41,1,1,0.3,44.9,7,07:52:59, 
94:41,2,1,1.0,55.3,9,07:52:59, 
94:41,3,1,1.7,59.0,9,07:52:59, 
39:23,1,1,-0.7,34.7,6,07:53:04, 
39:23,3,1,-3.7,118.6,18,07:53:04,*
42:39,3,1,-3.2,128.2,19,07:53:04, 
42:39,3,2,151.2,167.7,2,07:53:04,*
39:23,4,1,-5.1,101.9,16,07:53:04, 
37:14,1,1,0.1,66.6,11,07:53:04, 
37:14,2,1,0.3,103.9,16,07:53:04,*
37:14,3,1,0.5,62.6,10,07:53:04, 
89:14,1,1,-0.2,69.4,10,07:53:04, 
89:14,2,1,-0.5,64.6,10,07:53:04, 
89:14,3,1,-0.8,146.1,20,07:53:04, 
42:39,1,1,-0.6,33.8,6,07:53:05, 
42:39,2,1,-1.9,37.7,6,07:53:05, 
42:39,3,1,-3.2,142.5,21,07:53:05, 
42:39,3,2,157.3,167.7,1,07:53:05,*
42:39,4,1,-4.4,133.2,20,07:53:05, 
83:12,1,1,1.3,40.3,6,07:53:07, 
83:12,2,1,3.9,22.5,3,07:53:07, 
83:12,3,1,6.5,16.9,2,07:53:07, 
115:12,1,1,1.0,194.3,29,07:53:07, 
115:12,1,2,212.8,232.8,2,07:53:07,*
117:115,1,1,5.3,103.5,17,07:53:07,*
115:12,2,1,3.0,163.6,24,07:53:07, 
115:12,2,2,206.3,218.0,1,07:53:07, 
115:12,3,1,5.0,198.3,29,07:53:07, 
24:89,1,1,-1.0,37.7,6,07:53:08, 
24:89,2,1,-3.1,7.4,2,07:53:08, 
19:134,1,1,-0.6,9.8,2,07:53:11, 
19:134,2,1,-1.9,13.7,2,07:53:11, 
19:134,3,1,-3.2,14.7,3,07:53:11, 
114:31,1,1,-0.3,32.7,5,07:53:12,*
114:31,2,1,-1.0,9.5,2,07:53:12, 
114:31,3,1,-1.6,13.2,3,07:53:12, 
85:63,2,1,-0.5,43.6,8,07:53:13, 
12:48,1,1,0.0,100.8,13,07:53:14, 
12:48,2,1,0.0,71.5,11,07:53:14, 
12:48,3,1,-0.0,17.1,3,07:53:14, 
108:48,1,1,0.0,23.6,4,07:53:14, 
108:48,2,1,-0.0,36.3,6,07:53:14, 
108:48,3,1,-0.0,36.8,6,07:53:14, 
42:75,1,1,5.4,126.9,19,07:53:17,*
128:42,1,1,4.6,109.4,14,07:53:17,*
129:128,1,1,2.0,55.1,10,07:53:17,*
42:75,2,1,6.3,120.4,18,07:53:17,*
22:38,3,1,0.0,25.3,4,07:53:19, 
22:38,4,1,-0.0,32.4,5,07:53:19, 
133:130,1,1,-0.0,16.9,3,07:53:20, 
133:130,2,1,-0.1,10.4,2,07:53:20, 
133:130,3,1,-0.1,136.2,21,07:53:20,*
8:7,1,1,-0.0,36.8,6,07:53:22, 
8:7,2,1,-0.1,38.3,5,07:53:22, 
8:7,2,2,70.7,138.0,9,07:53:22, 
8:7,3,1,-0.2,43.5,6,07:53:22, 
10:7,1,1,-0.1,65.6,11,07:53:22, 
10:7,2,1,-0.2,78.6,11,07:53:22,*
10:7,3,1,-0.4,80.7,12,07:53:22,*
23:22,1,1,2.8,72.2,10,07:53:23, 
23:22,2,1,3.5,92.7,13,07:53:23,*
23:22,3,1,4.1,21.3,3,07:53:23, 
74:63,1,1,-0.0,57.9,9,07:53:27, 
74:63,2,1,0.2,60.3,9,07:53:27, 
74:63,3,1,5.1,49.4,7,07:53:27, 
89:14,3,1,-0.8,207.1,30,07:53:27,*
134:133,3,1,-0.0,10.5,2,07:53:27, 
101:102,1,1,1.8,110.3,16,07:53:31, 
90:40,1,1,0.8,11.3,2,07:53:32, 
90:40,2,1,2.5,71.1,11,07:53:32, 
90:40,3,1,4.2,58.2,9,07:53:32, 
63:54,1,1,24.2,87.7,10,07:53:32, 
63:54,2,1,24.0,127.1,15,07:53:32,*
74:63,2,1,0.2,49.9,8,07:53:32, 
63:54,3,1,23.9,39.9,3,07:53:32, 
60:33,1,1,0.7,105.9,17,07:53:36, 
60:33,2,1,2.2,104.4,18,07:53:36, 
60:33,3,1,3.7,131.7,20,07:53:36,*
36:24,1,1,9.2,103.1,14,07:53:38,*
16:36,1,1,1.9,26.7,3,07:53:38,*
36:24,2,1,9.9,85.9,11,07:53:38, 
36:24,3,1,11.5,71.2,9,07:53:38, 
36:24,4,1,12.1,63.3,8,07:53:38, 
18:17,1,1,2.8,153.0,23,07:53:40,*
18:17,2,1,3.1,181.8,27,07:53:40,*
124:42,3,1,16.3,191.7,25,07:53:40,*
126:124,3,1,7.6,74.5,11,07:53:40, 
124:42,4,1,15.1,191.0,25,07:53:40,*
126:124,4,1,6.4,75.3,11,07:53:40,*
5:6,2,1,-0.5,30.9,5,07:53:41,*
5:6,3,1,-0.8,24.2,4,07:53:41,*
5:6,4,1,-1.1,23.8,4,07:53:41,*
11:6,1,1,-0.5,34.0,6,07:53:41, 
11:6,2,1,-1.5,24.2,4,07:53:41, 
11:6,3,1,-2.4,59.3,9,07:53:41,*
9:11,3,1,11.6,22.2,2,07:53:41, 
2:9,2,1,0.4,10.9,2,07:53:44, 
130:75,1,1,0.1,11.6,2,07:53:44, 
130:75,2,1,0.2,10.7,2,07:53:44, 
133:18,1,1,13.5,163.6,23,07:53:45, 
133:18,2,1,10.5,166.4,24,07:53:45, 
133:18,3,1,7.5,167.7,24,07:53:45, 
18:19,1,1,0.2,17.1,3,07:53:48, 
18:19,2,1,0.5,17.5,3,07:53:48, 
18:19,3,1,0.8,30.0,5,07:53:48, 
14:37,1,1,-0.1,84.3,12,07:53:48,*
14:37,2,1,-0.3,86.6,12,07:53:48,*
50:40,1,1,22.4,33.0,2,07:53:55, 
123:41,1,1,1.9,66.0,11,07:53:55,*
8:123,1,1,16.9,53.0,6,07:53:55,*
123:41,2,1,1.4,28.5,4,07:53:55, 
123:41,3,1,1.3,32.7,5,07:53:55, 
86:41,1,1,0.3,10.8,2,07:53:55, 
86:41,2,1,1.0,67.2,10,07:53:55,*
48:86,2,1,6.6,46.5,6,07:53:55, 
86:41,3,1,1.7,45.0,7,07:53:55, 
20:130,1,1,3.8,23.8,3,07:53:55, 
20:130,2,1,4.4,21.6,3,07:53:55, 
20:130,3,1,5.0,44.3,5,07:53:55, 
20:130,4,1,5.6,22.9,3,07:53:55, 
110:48,2,1,0.0,68.3,11,07:53:57, 
110:48,3,1,-0.0,29.9,5,07:53:57, 
31:89,1,1,0.9,17.8,3,07:53:57, 
31:89,2,1,2.7,19.7,3,07:53:57, 
31:89,3,1,4.6,21.5,3,07:53:57, 
112:89,1,1,0.7,32.9,5,07:53:57, 
112:89,2,1,2.0,63.1,8,07:53:57, 
112:89,3,1,3.4,64.2,9,07:53:57, 
48:12,1,1,-3.4,65.5,10,07:53:59, 
48:12,2,1,-5.7,72.5,11,07:53:59, 
48:12,3,1,-8.0,17.7,4,07:53:59, 
87:20,1,1,-0.0,78.0,12,07:54:00,*
88:87,1,1,5.0,57.9,8,07:54:00,*
87:20,2,1,-0.1,69.1,11,07:54:00, 
87:20,3,1,-0.2,77.3,12,07:54:00,*
87:20,4,1,-0.2,79.4,13,07:54:00,*
130:20,1,1,4.3,14.9,2,07:54:00, 
130:20,2,1,3.4,25.1,3,07:54:00, 
72:31,1,1,1.1,126.9,19,07:54:00,*
98:72,1,1,-0.0,63.2,11,07:54:00,*
72:31,2,1,3.3,58.1,8,07:54:00, 
72:31,3,1,5.5,50.8,7,07:54:00, 
10:6,1,1,-0.0,54.6,9,07:54:05, 
10:6,2,1,-0.0,70.0,11,07:54:05,*
7:10,2,1,2.6,91.7,12,07:54:05,*
10:6,3,1,-0.0,74.4,12,07:54:05,*
7:10,3,1,5.8,42.1,5,07:54:05, 
46:8,1,1,-0.0,52.9,8,07:54:05, 
46:8,2,1,0.0,46.3,7,07:54:05, 
57:19,2,1,-0.1,10.7,2,07:54:05, 
79:82,1,1,-0.0,50.3,6,07:54:06,*
79:82,2,1,0.0,10.2,2,07:54:06, 
78:23,1,1,0.6,116.7,18,07:54:07,*
55:78,1,1,5.0,63.7,11,07:54:07,*
78:23,2,1,1.8,117.3,19,07:54:07,*
55:78,2,1,2.1,66.8,11,07:54:07,*
78:23,3,1,3.0,74.3,11,07:54:07, 
137:133,1,1,0.1,89.8,14,07:54:12, 
137:133,2,1,0.2,27.4,4,07:54:12, 
137:133,3,1,0.3,26.6,4,07:54:12, 
31:32,1,1,-0.7,125.7,19,07:54:17,*
72:31,1,1,2.8,18.2,3,07:54:17, 
72:31,1,2,74.4,126.9,6,07:54:17,*
98:72,1,1,-0.0,63.2,11,07:54:17,*
38:39,1,1,-0.0,97.6,15,07:54:17,*
38:39,2,1,0.0,74.9,12,07:54:17, 
37:2,1,1,13.7,24.2,2,07:54:18, 
37:2,2,1,13.7,56.4,7,07:54:18, 
111:12,1,1,-1.5,103.3,16,07:54:18, 
111:12,2,1,-4.4,100.0,16,07:54:18, 
111:12,3,1,-7.3,160.4,25,07:54:18,*
25:24,1,1,-0.3,16.6,3,07:54:19, 
40:7,1,1,0.0,10.5,2,07:54:20, 
40:7,4,1,0.3,36.5,5,07:54:20, 
38:75,1,1,0.0,51.2,9,07:54:21, 
38:75,2,1,0.1,53.0,9,07:54:21, 
38:75,3,1,0.2,110.4,16,07:54:21, 
38:75,4,1,0.3,23.8,4,07:54:21, 
26:14,1,1,-0.2,131.5,20,07:54:24, 
26:14,2,1,-0.5,98.0,15,07:54:24, 
26:14,3,1,-0.8,16.4,3,07:54:24, 
54:40,1,1,24.6,35.1,2,07:54:30, 
54:40,1,2,56.8,81.4,3,07:54:30,*
63:54,1,1,24.2,52.3,5,07:54:30, 
63:54,1,2,116.4,126.5,2,07:54:30,*
74:63,1,1,6.6,84.5,11,07:54:30,*
141:74,1,1,6.2,14.3,2,07:54:30, 
54:40,2,1,24.2,93.9,11,07:54:30,*
63:54,2,1,24.0,104.9,12,07:54:30, 
54:40,3,1,23.4,40.4,3,07:54:30, 
50:54,1,1,-0.3,42.3,7,07:54:30,*
53:50,1,1,-5.1,70.1,11,07:54:30,*
41:53,1,1,7.1,132.7,19,07:54:30, 
77:9,1,1,-0.4,43.0,7,07:54:33, 
77:9,2,1,-1.2,36.0,6,07:54:33, 
77:9,3,1,-2.0,40.2,6,07:54:33, 
77:9,4,1,-2.8,32.3,6,07:54:33, 
145:22,1,1,-0.0,58.9,10,07:54:35, 
145:22,2,1,-0.0,22.5,4,07:54:35, 
145:22,2,2,64.3,82.5,2,07:54:35, 
145:22,3,1,-0.0,56.6,9,07:54:35, 
145:22,4,1,-0.0,56.3,9,07:54:35, 
75:42,1,1,0.7,31.5,5,07:54:38, 
75:42,2,1,2.2,30.1,4,07:54:38, 
128:42,1,1,0.9,112.7,17,07:54:38,*
129:128,1,1,5.2,55.1,9,07:54:38,*
128:42,2,1,2.6,32.4,5,07:54:38, 
20:18,2,1,17.8,49.4,5,07:54:39, 
20:18,3,1,19.6,37.3,3,07:54:39, 
17:37,1,1,-0.0,35.5,6,07:54:41, 
17:37,1,2,89.3,116.7,3,07:54:41,*
18:17,1,1,7.7,164.7,25,07:54:41,*
17:37,2,1,-0.1,124.2,18,07:54:41,*
18:17,2,1,8.7,85.9,13,07:54:41, 
17:37,3,1,-0.2,47.4,8,07:54:41, 
19:134,1,1,-0.6,15.7,3,07:54:41, 
19:134,2,1,-1.9,29.2,4,07:54:41, 
19:134,3,1,-3.2,13.7,3,07:54:41, 
7:8,1,1,-0.0,108.5,17,07:54:44, 
7:8,2,1,-0.0,133.6,19,07:54:44, 
7:8,3,1,-0.0,124.7,18,07:54:44, 
7:8,3,2,144.4,156.7,1,07:54:44,*
10:7,3,1,-0.4,33.2,5,07:54:44, 
123:8,1,1,-0.0,12.0,2,07:54:44, 
123:8,2,1,-0.0,40.3,6,07:54:44,*
123:8,3,1,0.0,40.0,6,07:54:44,*
57:17,1,1,0.2,239.2,35,07:54:45,*
57:17,2,1,0.5,233.4,35,07:54:45,*
33:57,2,1,4.3,40.0,6,07:54:45, 
3:2,2,1,-0.4,58.7,9,07:54:46, 
3:2,3,1,-0.3,74.0,11,07:54:46,*
4:3,3,1,2.0,12.5,2,07:54:46, 
27:6,1,1,0.1,29.3,5,07:54:47, 
21:20,1,1,-0.1,67.9,11,07:54:50,*
22:21,1,1,2.1,20.4,3,07:54:50, 
21:20,2,1,-0.3,28.0,5,07:54:50, 
21:20,3,1,-0.4,50.0,8,07:54:50, 
39:23,3,1,-3.7,60.6,10,07:54:56, 
39:23,3,2,94.7,121.0,3,07:54:56,*
42:39,3,1,-3.2,90.6,15,07:54:56, 
42:39,3,2,149.0,161.2,1,07:54:56,*
39:23,4,1,-5.1,108.6,17,07:54:56,*
42:39,3,1,-3.2,90.6,15,07:54:57, 
42:39,3,2,156.4,166.9,1,07:54:57,*
42:39,4,1,-4.4,87.7,14,07:54:57, 
83:41,1,1,182.7,194.6,2,07:54:59,*
83:41,2,1,26.5,176.4,23,07:54:59, 
83:41,3,1,25.8,203.8,26,07:54:59,*
12:83,3,1,3.2,55.0,8,07:54:59, 
83:41,4,1,25.6,207.5,27,07:54:59,*
94:41,1,1,0.3,45.5,7,07:54:59, 
94:41,2,1,1.0,49.3,8,07:54:59, 
94:41,3,1,1.7,44.4,7,07:54:59, 
101:102,1,1,1.8,164.9,26,07:55:01,*
37:14,1,1,0.1,41.4,7,07:55:04, 
37:14,2,1,0.3,98.6,15,07:55:04,*
37:14,3,1,0.5,57.0,8,07:55:04, 
37:14,3,2,70.0,82.5,1,07:55:04,*
89:14,1,1,-0.2,32.7,5,07:55:04, 
89:14,2,1,-0.5,54.6,8,07:55:04, 
89:14,3,1,-0.8,131.6,19,07:55:04, 
89:14,3,2,150.5,165.1,1,07:55:04, 
60:33,1,1,0.7,114.8,18,07:55:06, 
60:33,2,1,2.2,127.9,20,07:55:06,*
60:33,3,1,3.7,128.8,20,07:55:06,*
83:12,1,1,1.3,44.6,7,07:55:07, 
83:12,2,1,3.9,27.6,4,07:55:07, 
83:12,3,1,6.5,23.4,3,07:55:07, 
115:12,1,1,1.0,235.8,32,07:55:07,*
117:115,1,1,6.3,103.5,16,07:55:07,*
115:12,2,1,3.0,183.4,27,07:55:07, 
115:12,2,2,207.0,232.3,2,07:55:07,*
117:115,2,1,1.4,99.9,17,07:55:07, 
115:12,3,1,5.0,228.6,32,07:55:07,*
24:89,1,1,-1.0,31.6,5,07:55:08, 
24:89,2,1,-3.1,29.0,5,07:55:08, 
42:75,1,1,5.4,86.2,13,07:55:09, 
42:75,2,1,6.3,105.2,15,07:55:09,*
22:38,3,1,0.0,18.0,3,07:55:11, 
22:38,3,2,40.0,52.8,1,07:55:11, 
22:38,4,1,-0.0,160.8,22,07:55:11,*
114:31,1,1,-0.3,10.8,2,07:55:12, 
114:31,2,1,-1.0,9.5,2,07:55:12, 
85:63,2,1,-0.5,20.6,4,07:55:13, 
12:48,1,1,0.0,127.4,18,07:55:14, 
12:48,2,1,0.0,96.7,14,07:55:14, 
12:48,3,1,-0.0,25.3,4,07:55:14, 
108:48,1,1,0.0,29.7,5,07:55:14, 
108:48,2,1,-0.0,31.1,5,07:55:14, 
108:48,3,1,-0.0,31.2,5,07:55:14, 
23:22,1,1,2.8,26.2,4,07:55:15, 
23:22,1,2,64.7,75.8,1,07:55:15, 
23:22,2,1,3.5,105.7,15,07:55:15,*
78:23,2,1,1.8,121.9,16,07:55:15,*
55:78,2,1,7.4,66.8,10,07:55:15,*
23:22,3,1,4.1,40.2,6,07:55:15, 
49:102,1,1,2.9,13.5,2,07:55:17, 
49:102,2,1,3.4,11.6,2,07:55:17, 
18:19,1,1,0.2,29.3,4,07:55:18, 
18:19,3,1,0.8,11.6,2,07:55:18, 
133:130,1,1,-0.0,10.4,2,07:55:20, 
133:130,2,1,-0.1,16.8,3,07:55:20, 
133:130,3,1,-0.1,136.2,21,07:55:20,*
8:7,2,1,-0.1,147.6,22,07:55:22,*
8:7,3,1,-0.2,133.9,20,07:55:22, 
10:7,1,1,-0.1,52.8,9,07:55:22, 
10:7,2,1,-0.2,35.1,5,07:55:22, 
10:7,3,1,-0.4,35.9,6,07:55:22, 
90:40,2,1,2.5,38.8,6,07:55:24, 
90:40,3,1,4.2,46.3,6,07:55:24, 
74:63,1,1,3.4,63.8,9,07:55:27, 
74:63,2,1,4.6,46.8,7,07:55:27, 
74:63,3,1,0.0,46.6,7,07:55:27, 
89:14,3,1,-0.8,147.0,22,07:55:27, 
63:54,1,1,24.2,71.1,8,07:55:32, 
63:54,1,2,113.7,125.4,2,07:55:32,*
74:63,1,1,3.4,80.7,11,07:55:32,*
141:74,1,1,3.0,39.1,6,07:55:32,*
63:54,2,1,24.0,128.6,16,07:55:32,*
74:63,2,1,4.6,53.9,8,07:55:32, 
63:54,3,1,23.9,34.3,2,07:55:32, 
124:42,3,1,16.3,191.7,25,07:55:32,*
126:124,3,1,6.5,72.7,10,07:55:32, 
124:42,4,1,15.1,190.9,25,07:55:32,*
126:124,4,1,7.8,74.7,11,07:55:32,*
5:6,1,1,-0.2,35.8,6,07:55:33,*
5:6,2,1,-0.5,30.4,5,07:55:33,*
5:6,3,1,-0.8,30.1,5,07:55:33,*
5:6,4,1,-1.1,23.7,4,07:55:33,*
11:6,1,1,-0.5,37.9,6,07:55:33, 
11:6,2,1,-1.5,42.7,7,07:55:33, 
11:6,3,1,-2.4,59.6,9,07:55:33,*
9:11,3,1,12.8,60.1,7,07:55:33, 
2:9,1,1,0.1,29.0,5,07:55:36, 
2:9,2,1,0.4,17.3,3,07:55:36, 
24:32,3,1,11.8,30.2,3,07:55:36,*
36:24,3,1,11.5,38.9,4,07:55:36, 
79:82,1,1,-0.0,50.0,8,07:55:36,*
36:24,1,1,9.2,74.8,10,07:55:38, 
36:24,2,1,9.9,78.4,10,07:55:38, 
36:24,3,1,11.5,36.6,4,07:55:38, 
36:24,4,1,12.1,43.0,5,07:55:38, 
18:17,1,1,2.8,164.5,24,07:55:40,*
18:17,2,1,3.1,142.8,22,07:55:40, 
18:17,3,1,3.5,27.0,4,07:55:40, 
133:18,1,1,13.5,121.8,17,07:55:45, 
133:18,2,1,10.5,159.8,23,07:55:45, 
133:18,3,1,7.5,167.3,24,07:55:45, 
14:37,1,1,-0.1,95.8,14,07:55:48,*
14:37,2,1,-0.3,89.1,13,07:55:48,*
87:37,1,1,-0.1,10.3,2,07:55:48, 
123:41,1,1,1.9,67.7,11,07:55:55,*
8:123,1,1,18.6,54.6,6,07:55:55,*
123:41,2,1,1.4,23.0,4,07:55:55, 
123:41,3,1,1.3,52.1,8,07:55:55,*
8:123,3,1,5.7,16.2,2,07:55:55, 
8:123,3,2,40.3,68.5,3,07:55:55,*
86:41,1,1,0.3,17.2,3,07:55:55, 
86:41,2,1,1.0,61.9,9,07:55:55,*
48:86,2,1,2.2,27.9,4,07:55:55, 
86:41,3,1,1.7,46.9,7,07:55:55, 
20:130,1,1,3.8,19.9,2,07:55:55, 
20:130,4,1,5.6,23.6,3,07:55:55, 
20:130,5,1,6.2,16.8,2,07:55:55, 
10:6,2,1,-0.0,70.0,11,07:55:57,*
7:10,2,1,1.5,88.4,14,07:55:57,*
10:6,3,1,-0.0,70.0,11,07:55:57,*
7:10,3,1,1.4,61.4,9,07:55:57, 
110:48,2,1,0.0,78.4,12,07:55:57,*
71:110,2,1,1.4,114.2,15,07:55:57, 
110:48,3,1,30.3,83.9,8,07:55:57,*
71:110,3,1,6.8,91.0,12,07:55:57, 
31:89,2,1,2.7,11.5,2,07:55:57, 
112:89,1,1,0.7,32.7,5,07:55:57, 
112:89,2,1,2.0,83.9,11,07:55:57, 
112:89,3,1,3.4,75.9,10,07:55:57, 
78:23,1,1,0.6,117.4,18,07:55:59,*
55:78,1,1,5.0,62.0,10,07:55:59, 
78:23,2,1,1.8,120.8,18,07:55:59,*
55:78,2,1,6.4,68.9,11,07:55:59,*
78:23,3,1,3.0,98.7,15,07:55:59, 
48:12,1,1,-3.4,51.8,8,07:55:59, 
48:12,2,1,-5.7,59.9,10,07:55:59, 
48:12,3,1,-8.0,31.2,6,07:55:59, 
87:20,1,1,-0.0,42.7,7,07:56:00, 
87:20,2,1,-0.1,62.5,10,07:56:00, 
87:20,3,1,-0.2,74.4,12,07:56:00,*
87:20,4,1,-0.2,79.0,12,07:56:00,*
130:20,1,1,4.3,25.9,3,07:56:00, 
130:20,2,1,3.4,18.5,3,07:56:00, 
72:31,1,1,1.1,125.9,18,07:56:00,*
98:72,1,1,4.8,63.2,11,07:56:00,*
72:31,2,1,3.3,44.8,7,07:56:00, 
72:31,2,2,65.5,91.7,3,07:56:00, 
72:31,3,1,5.5,82.4,12,07:56:00, 
46:8,1,1,-0.0,70.7,11,07:56:05, 
46:8,2,1,0.0,68.7,10,07:56:05, 
38:39,1,1,-0.0,98.1,15,07:56:09,*
38:39,2,1,0.0,42.6,7,07:56:09, 
37:2,1,1,13.7,24.2,2,07:56:10, 
37:2,2,1,13.7,92.0,12,07:56:10, 
37:2,3,1,13.7,42.3,4,07:56:10, 
137:133,1,1,0.1,152.1,21,07:56:12, 
137:133,2,1,0.2,25.3,4,07:56:12, 
137:133,3,1,0.3,11.0,2,07:56:12, 
38:75,3,1,0.2,70.2,10,07:56:13, 
38:75,4,1,0.3,55.6,8,07:56:13, 
31:32,1,1,-0.7,43.9,7,07:56:17, 
111:12,1,1,-1.5,143.4,22,07:56:18, 
111:12,2,1,-4.4,127.8,20,07:56:18, 
111:12,3,1,-7.3,163.3,26,07:56:18,*
116:111,3,1,5.3,16.9,2,07:56:18, 
25:24,1,1,-0.3,11.8,2,07:56:19, 
25:24,2,1,-0.8,13.9,2,07:56:19, 
40:7,1,1,0.0,10.5,2,07:56:20, 
40:7,4,1,0.3,41.8,6,07:56:20, 
54:40,1,1,24.6,71.3,6,07:56:22, 
54:40,2,1,24.2,104.6,11,07:56:22,*
63:54,2,1,30.9,107.1,10,07:56:22, 
54:40,3,1,23.4,56.2,5,07:56:22, 
26:14,1,1,-0.2,180.0,26,07:56:24,*
26:14,2,1,-0.5,109.4,17,07:56:24, 
26:14,2,2,130.4,159.0,2,07:56:24, 
77:9,1,1,-0.4,34.1,6,07:56:25, 
77:9,2,1,-1.2,48.7,8,07:56:25, 
77:9,3,1,-2.0,34.5,6,07:56:25, 
77:9,4,1,-2.8,19.6,4,07:56:25, 
145:22,1,1,-0.0,105.0,17,07:56:27,*
145:22,2,1,-0.0,23.8,4,07:56:27, 
145:22,2,2,71.3,83.2,1,07:56:27, 
145:22,3,1,-0.0,70.4,11,07:56:27, 
145:22,4,1,-0.0,87.4,13,07:56:27,*
50:54,1,1,-0.3,32.0,6,07:56:30,*
53:50,1,1,-9.1,51.1,10,07:56:30, 
50:54,3,1,-1.4,9.0,2,07:56:30, 
75:42,1,1,0.7,26.5,4,07:56:30, 
75:42,2,1,2.2,19.1,3,07:56:30, 
128:42,1,1,0.9,99.2,17,07:56:30, 
128:42,2,1,2.6,19.5,3,07:56:30, 
128:42,2,2,54.3,64.7,1,07:56:30, 
101:102,1,1,1.8,161.2,26,07:56:31,*
60:33,1,1,0.7,120.8,20,07:56:36, 
60:33,2,1,2.2,99.9,16,07:56:36, 
60:33,3,1,3.7,132.4,21,07:56:36,*
102:60,3,1,7.7,104.6,14,07:56:36, 
102:60,3,2,122.2,180.9,8,07:56:36,*
49:102,3,1,8.2,43.1,5,07:56:36, 
3:2,2,1,-0.4,76.3,11,07:56:38,*
3:2,3,1,-0.3,75.9,11,07:56:38,*
20:18,2,1,17.8,68.2,8,07:56:39, 
17:37,1,1,-0.0,43.6,7,07:56:41, 
17:37,2,1,-0.1,120.9,18,07:56:41,*
18:17,2,1,6.3,39.0,6,07:56:41, 
18:17,2,2,155.4,178.3,2,07:56:41,*
20:18,2,1,30.6,67.7,4,07:56:41, 
17:37,3,1,-0.2,36.4,6,07:56:41, 
7:8,1,1,-0.0,94.1,15,07:56:44, 
7:8,2,1,-0.0,123.9,19,07:56:44, 
7:8,3,1,-0.0,149.5,21,07:56:44,*
10:7,3,1,-0.4,16.7,3,07:56:44, 
123:8,1,1,-0.0,32.6,5,07:56:44, 
123:8,2,1,-0.0,30.7,5,07:56:44, 
123:8,3,1,0.0,33.3,5,07:56:44, 
57:17,1,1,0.2,241.4,33,07:56:45,*
57:17,2,1,0.5,237.5,34,07:56:45,*
49:102,1,1,3.9,49.7,7,07:56:47, 
49:102,2,1,9.3,40.0,5,07:56:47, 
49:102,3,1,8.2,48.0,6,07:56:47, 
18:19,3,1,0.8,10.8,2,07:56:48, 
39:23,3,1,71.9,112.9,6,07:56:48,*
42:39,3,1,-3.2,145.8,21,07:56:48, 
39:23,4,1,-5.1,120.7,18,07:56:48,*
42:39,4,1,-4.4,161.3,23,07:56:48,*
42:39,3,1,-3.2,145.6,21,07:56:49, 
42:39,4,1,-4.4,161.0,23,07:56:49,*
21:20,1,1,-0.1,30.9,4,07:56:50, 
21:20,2,1,-0.3,23.7,4,07:56:50, 
21:20,3,1,-0.4,66.1,10,07:56:50,*
83:41,2,1,26.5,210.1,28,07:56:59,*
12:83,2,1,3.3,80.1,10,07:56:59,*
48:12,2,1,-5.7,2.6,2,07:56:59, 
83:41,3,1,25.8,206.1,26,07:56:59,*
12:83,3,1,1.6,135.3,18,07:56:59,*
83:41,4,1,25.6,204.5,26,07:56:59,*
94:41,1,1,0.3,36.6,6,07:56:59, 
94:41,2,1,1.0,37.3,6,07:56:59, 
94:41,3,1,1.7,35.7,6,07:56:59, 
42:75,1,1,5.4,88.1,13,07:57:01, 
42:75,2,1,6.3,89.8,13,07:57:01, 
22:38,4,1,-0.0,25.6,4,07:57:03, 
22:38,4,2,46.5,74.6,3,07:57:03, 
22:38,4,3,91.6,142.6,5,07:57:03,*
