From,To,Link,Time,Count
1,4,124:42,249.52,113
1,4,42:39,182.02,104
1,4,39:23,35.50,104
1,4,23:77,15.07,104
1,4,77:9,18.59,104
1,4,9:84,8.10,104
1,6,124:42,260.46,28
1,6,42:39,164.15,27
1,6,39:23,42.00,27
1,6,23:77,13.33,27
1,6,77:9,21.11,27
1,6,9:11,23.48,27
1,6,11:6,20.44,27
1,6,6:10,11.59,27
1,6,10:7,30.35,26
1,6,7:47,13.65,26
1,8,124:42,169.25,4
1,8,42:39,58.67,3
1,8,39:23,41.33,3
1,8,23:77,12.00,3
1,8,77:9,20.00,3
1,8,9:11,19.33,3
1,8,11:6,16.67,3
1,8,6:10,9.00,3
1,8,10:7,7.67,3
1,8,7:8,36.33,3
1,8,8:123,32.33,3
1,8,123:41,5.33,3
1,8,41:83,17.00,3
1,8,83:12,46.33,3
1,8,12:111,15.33,3
1,10,124:42,228.14,210
1,10,42:39,172.72,193
1,10,39:23,39.99,193
1,10,23:77,13.15,193
1,10,77:9,23.04,193
1,10,9:11,21.76,193
1,10,11:6,21.92,193
1,10,6:10,10.29,192
1,10,10:7,29.65,192
1,10,7:8,44.07,180
1,10,8:123,19.93,179
1,10,123:41,19.07,179
1,10,41:86,8.20,179
1,10,86:48,4.23,179
1,10,48:110,8.64,179
1,10,110:71,9.98,179
1,13,124:42,162.88,8
1,13,42:39,182.13,8
1,13,39:23,100.63,8
1,13,23:22,9.67,6
1,13,22:21,11.57,7
1,13,21:20,14.00,7
1,13,20:87,11.29,7
1,13,87:37,116.43,7
1,13,37:14,154.29,7
1,13,14:112,5.57,7
1,13,112:89,47.29,7
1,13,89:31,4.86,7
1,13,23:77,11.50,2
1,13,77:9,43.50,2
1,13,9:11,14.00,2
1,13,11:6,44.00,1
1,13,6:10,9.00,1
1,13,10:7,44.00,1
1,13,7:8,13.00,1
1,13,8:123,6.00,1
1,13,123:41,19.00,1
1,13,41:86,10.00,1
1,13,86:48,6.00,1
1,13,48:12,42.00,1
1,13,12:83,10.00,1
1,13,83:41,123.00,1
1,13,41:53,108.00,1
1,13,53:50,9.00,1
1,13,50:54,2.00,1
1,13,11:4,941.00,1
1,13,4:3,15.00,1
1,13,3:2,52.00,1
1,13,2:145,29.00,1
1,13,145:22,83.00,1
1,14,124:42,205.12,74
1,14,42:39,213.85,67
1,14,39:23,119.66,61
1,14,23:22,17.90,61
1,14,22:21,20.58,60
1,14,21:20,18.78,60
1,14,20:87,7.32,60
1,14,87:88,4.08,60
1,14,88:93,4.85,60
1,15,124:42,222.00,3
1,15,42:39,195.00,3
1,15,39:23,117.67,3
1,15,23:22,7.67,3
1,15,22:21,16.33,3
1,15,21:20,10.00,3
1,15,20:18,85.50,2
1,15,18:17,181.50,2
1,15,17:37,132.00,2
1,15,37:14,119.33,3
1,15,14:112,6.33,3
1,15,112:89,43.33,3
1,15,89:31,5.00,3
1,15,31:72,7.67,3
1,15,20:87,10.00,1
1,15,87:37,138.00,1
1,24,124:42,205.28,43
1,24,42:39,202.32,37
1,24,39:23,117.51,37
1,24,23:22,15.19,37
1,24,22:21,25.92,37
1,24,21:20,13.08,37
1,24,20:130,33.25,36
1,24,130:131,11.64,36
1,26,124:42,259.38,124
1,26,42:39,253.04,112
1,26,39:23,112.89,103
1,26,23:22,14.65,89
1,26,23:77,14.57,14
1,26,77:9,34.50,14
1,26,9:11,29.14,14
1,26,11:4,47.21,14
1,26,4:3,7.50,14
1,26,3:2,7.86,14
2,25,128:42,184.19,463
2,25,42:75,196.35,394
2,25,75:125,18.62,437
2,25,42:39,406.67,43
2,25,39:23,131.67,43
2,25,23:22,18.09,43
2,25,22:38,51.84,43
2,25,38:75,34.93,43
2,26,128:42,223.67,3
2,26,42:39,148.00,2
2,26,39:23,57.50,2
2,26,23:77,14.00,1
2,26,77:9,34.00,1
2,26,9:11,17.00,1
2,26,11:4,38.00,1
2,26,4:3,7.00,1
2,26,3:2,10.00,1
2,26,23:22,37.00,1
3,9,78:23,43.00,2
3,9,23:77,12.00,2
3,9,77:9,4.00,2
3,9,9:11,15.50,2
3,9,11:6,32.00,2
3,9,6:10,10.00,2
3,9,10:7,14.00,2
3,9,7:8,45.00,2
3,9,8:123,5.50,2
3,9,123:41,11.50,2
3,9,41:83,15.00,2
3,9,83:12,33.50,2
3,9,12:115,19.00,2
3,10,78:23,70.72,127
3,10,23:77,12.94,126
3,10,77:9,9.67,126
3,10,9:11,23.56,126
3,10,11:6,25.67,126
3,10,6:10,9.97,126
3,10,10:7,28.62,126
3,10,7:8,53.08,121
3,10,8:123,15.96,118
3,10,123:41,21.42,118
3,10,41:86,8.23,118
3,10,86:48,4.22,118
3,10,48:110,8.68,118
3,10,110:71,10.12,118
3,13,78:23,112.69,13
3,13,23:22,36.38,13
3,13,22:21,20.69,13
3,13,21:20,32.77,13
3,13,20:87,20.77,13
3,13,87:37,81.58,12
3,13,37:14,157.45,11
3,13,14:112,6.36,11
3,13,112:89,47.40,10
3,13,89:31,5.00,10
3,14,78:23,97.17,405
3,14,23:22,37.67,398
3,14,22:21,20.55,398
3,14,21:20,21.21,398
3,14,20:87,8.86,395
3,14,87:88,3.77,395
3,14,88:93,4.89,395
3,15,78:23,75.00,2
3,15,23:22,44.50,2
3,15,22:21,14.00,2
3,15,21:20,9.50,2
3,15,20:87,36.00,2
3,15,87:37,191.00,2
3,15,37:14,139.50,2
3,15,14:112,6.00,2
3,15,112:89,46.00,2
3,15,89:31,4.50,2
3,15,31:72,8.00,2
3,16,78:23,93.19,188
3,16,23:22,43.02,183
3,16,22:21,18.29,182
3,16,21:20,24.77,181
3,16,20:18,102.49,158
3,16,18:17,50.67,155
3,16,17:16,8.02,155
3,16,16:36,3.27,155
3,16,36:24,19.68,152
3,16,24:32,9.57,151
3,16,32:65,3.50,149
3,16,65:70,15.16,149
3,17,78:23,84.83,6
3,17,23:22,22.50,6
3,17,22:21,15.83,6
3,17,21:20,12.17,6
3,17,20:18,187.33,6
3,17,18:17,45.60,5
3,17,17:16,6.00,5
3,17,16:36,3.00,5
3,17,36:24,35.60,5
3,17,24:32,2.80,5
3,17,32:65,3.40,5
3,17,65:67,0.80,5
3,17,67:69,1.00,5
3,19,78:23,93.80,20
3,19,23:22,45.10,20
3,19,22:21,20.55,20
3,19,21:20,18.85,20
3,19,20:18,70.94,18
3,19,18:17,42.24,17
3,19,17:16,6.06,17
3,19,16:36,3.24,17
3,19,36:24,13.65,17
3,19,24:32,7.18,17
3,19,32:65,2.82,17
3,19,65:67,0.59,17
3,19,67:66,1.25,8
3,19,66:25,5.76,17
3,19,25:142,15.29,17
3,19,142:33,15.88,17
3,19,33:80,6.76,17
3,19,80:61,2.76,17
3,19,67:69,1.22,9
3,19,69:66,1.22,9
3,21,78:23,91.50,2
3,21,23:22,31.00,2
3,21,22:21,29.50,2
3,21,21:20,13.00,2
3,21,20:18,60.00,2
3,21,18:19,44.50,2
3,21,19:134,20.00,2
3,21,134:139,6.50,2
3,22,78:23,94.13,8
3,22,23:22,39.75,8
3,22,22:21,19.25,8
3,22,21:20,23.13,8
3,22,20:18,27.75,8
3,22,18:19,51.38,8
3,22,19:134,19.25,8
3,22,134:135,9.50,8
3,24,78:23,98.36,422
3,24,23:22,41.07,415
3,24,22:21,24.35,408
3,24,21:20,18.55,407
3,24,20:130,33.54,404
3,24,130:131,11.74,401
3,25,78:23,92.41,180
3,25,23:22,38.68,177
3,25,22:38,28.76,164
3,25,38:75,38.02,164
3,25,75:125,16.96,172
3,25,22:21,94.75,12
3,25,21:20,13.25,12
3,25,20:130,29.88,8
3,25,130:75,75.25,8
3,26,78:23,97.43,91
3,26,23:22,36.95,91
5,10,62:27,3.00,1
5,10,27:6,34.00,1
5,10,6:10,7.00,1
5,10,10:7,60.00,1
5,10,7:8,12.00,1
5,10,8:123,7.00,1
5,10,123:41,23.00,1
5,10,41:86,10.00,1
5,10,86:48,4.00,1
5,10,48:110,9.00,1
5,10,110:71,10.00,1
5,13,62:27,5.15,188
5,13,27:30,10.60,188
5,13,30:29,7.43,188
5,13,29:28,6.51,188
5,13,28:26,6.89,188
5,13,26:14,86.94,183
5,13,14:112,5.07,183
5,13,112:89,21.66,182
5,13,89:31,5.81,181
5,15,62:27,9.32,152
5,15,27:30,9.78,152
5,15,30:29,7.37,152
5,15,29:28,8.09,152
5,15,28:26,7.50,152
5,15,26:14,82.41,147
5,15,14:112,5.10,147
5,15,112:89,22.44,147
5,15,89:31,5.42,146
5,15,31:72,8.01,146
5,16,62:27,6.13,625
5,16,27:30,9.99,625
5,16,30:29,7.51,625
5,16,29:28,6.87,625
5,16,28:26,7.38,625
5,16,26:14,75.90,604
5,16,14:15,7.63,604
5,16,15:16,5.21,604
5,16,16:36,7.58,604
5,16,36:24,42.89,604
5,16,24:32,4.16,604
5,16,32:65,4.14,604
5,16,65:70,12.99,600
5,17,62:27,3.88,8
5,17,27:30,8.63,8
5,17,30:29,5.00,8
5,17,29:28,5.25,8
5,17,28:26,10.00,8
5,17,26:14,84.00,8
5,17,14:15,9.13,8
5,17,15:16,4.88,8
5,17,16:36,7.75,8
5,17,36:24,45.25,8
5,17,24:32,5.38,8
5,17,32:65,3.25,8
5,17,65:67,1.00,8
5,17,67:69,1.00,8
5,19,62:27,6.48,29
5,19,27:30,9.28,29
5,19,30:29,7.62,29
5,19,29:28,9.79,29
5,19,28:26,7.93,29
5,19,26:14,67.21,28
5,19,14:15,7.68,28
5,19,15:16,5.14,28
5,19,16:36,7.36,28
5,19,36:24,41.68,28
5,19,24:32,3.64,28
5,19,32:65,2.93,28
5,19,65:67,0.93,28
5,19,67:66,0.61,18
5,19,66:25,4.79,28
5,19,25:142,14.85,27
5,19,142:33,10.89,27
5,19,33:80,6.96,27
5,19,80:61,2.74,27
5,19,67:69,1.40,10
5,19,69:66,1.70,10
5,21,62:27,3.91,45
5,21,27:6,34.50,10
5,21,6:4,17.20,10
5,21,4:3,13.50,10
5,21,3:2,26.40,10
5,21,2:145,22.30,10
5,21,145:22,63.10,10
5,21,22:21,21.00,10
5,21,21:20,22.10,10
5,21,20:18,25.45,44
5,21,18:19,54.63,43
5,21,19:134,20.58,43
5,21,134:139,6.67,43
5,21,27:30,8.86,35
5,21,30:29,5.20,35
5,21,29:28,4.46,35
5,21,28:26,5.20,35
5,21,26:14,64.17,35
5,21,14:37,70.57,35
5,21,37:87,37.11,35
5,21,87:20,47.91,34
5,22,62:27,14.77,22
5,22,27:30,10.06,18
5,22,30:29,9.94,18
5,22,29:28,4.89,18
5,22,28:26,4.39,18
5,22,26:14,57.94,17
5,22,14:37,82.59,17
5,22,37:87,41.06,17
5,22,87:20,55.94,16
5,22,20:18,26.30,20
5,22,18:19,67.90,20
5,22,19:134,21.45,20
5,22,134:135,9.60,20
5,22,27:6,27.25,4
5,22,6:4,13.25,4
5,22,4:3,11.00,4
5,22,3:2,26.75,4
5,22,2:145,34.50,4
5,22,145:22,68.00,4
5,22,22:21,16.25,4
5,22,21:20,6.75,4
5,24,62:27,3.98,136
5,24,27:30,11.41,107
5,24,30:29,8.48,107
5,24,29:28,9.60,107
5,24,28:26,5.64,107
5,24,26:14,66.74,101
5,24,14:37,74.08,99
5,24,37:87,32.39,97
5,24,87:20,30.57,94
5,24,20:130,21.92,123
5,24,130:131,11.43,123
5,24,27:6,47.17,29
5,24,6:4,19.34,29
5,24,4:3,19.28,29
5,24,3:2,33.17,29
5,24,2:145,29.48,29
5,24,145:22,55.41,29
5,24,22:21,17.24,29
5,24,21:20,18.93,29
5,25,62:27,4.00,4
5,25,27:6,68.50,2
5,25,6:4,28.00,2
5,25,4:3,52.00,2
5,25,3:2,46.50,2
5,25,2:145,55.50,2
5,25,145:22,73.50,2
5,25,22:38,58.50,2
5,25,38:75,40.00,2
5,25,27:30,8.50,2
5,25,30:29,5.50,2
5,25,29:28,4.50,2
5,25,28:26,2.50,2
5,25,26:14,18.00,2
5,25,14:37,65.00,2
5,25,37:87,19.00,2
5,25,87:20,8.00,2
5,25,20:130,18.50,2
5,25,130:75,64.50,2
5,25,75:125,18.00,4
5,26,62:27,15.14,102
5,26,27:6,100.20,75
5,26,6:4,40.72,71
5,26,4:3,31.83,70
5,26,3:2,39.55,67
5,26,27:30,18.60,10
5,26,30:29,19.50,10
5,26,29:28,21.70,10
5,26,28:26,20.20,10
5,26,26:14,112.50,8
5,26,14:37,128.14,7
5,26,37:87,62.00,2
5,28,62:27,7.75,44
5,28,27:30,8.59,44
5,28,30:29,6.11,44
5,28,29:28,8.57,44
5,28,28:26,5.32,44
5,28,26:14,77.27,44
5,28,14:112,4.73,44
5,28,112:120,2.52,44
7,10,46:8,58.38,182
7,10,8:123,7.21,182
7,10,123:41,3.57,182
7,10,41:86,8.01,182
7,10,86:48,4.24,182
7,10,48:110,8.66,182
7,10,110:71,10.02,182
7,25,46:8,51.33,3
7,25,8:7,243.33,3
7,25,7:10,140.67,3
7,25,10:6,144.00,3
7,25,6:4,53.67,3
7,25,4:3,142.33,3
7,25,3:2,107.67,3
7,25,2:145,46.00,2
7,25,145:22,73.00,2
7,25,22:38,24.00,2
7,25,38:75,30.00,2
7,25,75:125,17.00,2
7,26,46:8,84.18,49
7,26,8:7,258.16,38
7,26,7:10,120.97,34
7,26,10:6,112.63,32
7,26,6:4,26.57,30
7,26,4:3,24.11,28
7,26,3:2,36.25,28
7,27,46:8,56.89,293
7,27,8:45,6.18,293
8,10,111:12,67.05,38
8,10,12:48,55.97,33
8,10,48:110,9.63,38
8,10,110:71,9.89,38
8,10,12:83,27.40,5
8,10,83:41,36.60,5
8,10,41:86,4.80,5
8,10,86:48,36.20,5
8,11,111:12,63.02,938
8,11,12:48,51.67,938
8,11,48:108,10.40,938
8,12,111:12,105.35,127
8,12,12:83,67.28,119
8,12,83:41,140.24,111
8,12,41:53,70.23,93
8,12,53:50,43.41,93
8,12,50:54,20.27,93
8,12,54:63,10.25,93
8,12,63:74,7.26,106
8,12,41:73,125.08,13
8,12,73:85,6.00,13
8,12,85:63,222.69,13
8,13,111:12,116.50,68
8,13,12:83,74.50,64
8,13,83:41,157.44,59
8,13,41:53,78.02,50
8,13,53:50,39.70,50
8,13,50:54,18.86,50
8,13,41:73,13.25,4
8,13,73:85,3.00,4
8,13,85:63,229.25,4
8,15,111:12,91.64,14
8,15,12:83,49.83,12
8,15,83:41,172.91,11
8,15,41:53,80.27,11
8,15,53:50,19.09,11
8,15,50:54,9.00,11
8,15,54:113,4.90,10
8,15,113:114,13.11,9
8,15,114:31,10.00,9
8,15,31:72,7.89,9
8,16,111:12,130.18,45
8,16,12:83,78.16,43
8,16,83:41,150.05,37
8,16,41:53,68.97,32
8,16,53:50,22.84,32
8,16,50:54,18.44,32
8,16,54:113,5.13,31
8,16,113:114,38.66,29
8,16,114:31,20.17,29
8,16,31:32,37.79,29
8,16,32:65,1.24,29
8,16,65:70,9.14,29
8,17,111:12,113.50,2
8,17,12:83,73.00,2
8,17,83:41,163.50,2
8,17,41:53,110.50,2
8,17,53:50,4.50,2
8,17,50:54,26.00,2
8,17,54:113,5.00,2
8,17,113:114,8.00,2
8,17,114:31,17.50,2
8,17,31:32,31.50,2
8,17,32:65,2.50,2
8,17,65:67,1.00,2
8,17,67:69,1.00,2
8,19,111:12,121.50,2
8,19,12:83,57.00,1
8,19,83:41,74.00,1
8,19,41:53,112.00,1
8,19,53:50,25.00,1
8,19,50:54,63.00,1
8,19,54:113,5.00,1
8,19,113:114,11.00,1
8,19,114:31,28.00,1
8,19,31:32,11.00,1
8,19,32:25,6.00,1
8,19,25:142,12.00,1
8,19,142:33,3.00,1
8,19,33:80,7.00,1
8,19,80:61,3.00,1
8,28,111:12,106.65,144
8,28,12:83,64.69,135
8,28,83:41,151.78,123
8,28,41:53,73.64,123
8,28,53:119,5.63,123
8,28,119:143,9.54,123
9,10,115:12,196.00,8
9,10,12:48,44.17,6
9,10,48:110,9.13,8
9,10,110:71,10.25,8
9,10,12:83,62.50,2
9,10,83:41,41.50,2
9,10,41:86,6.00,2
9,10,86:48,5.00,2
9,11,115:12,176.13,206
9,11,12:48,60.77,206
9,11,48:108,10.75,206
9,12,115:12,214.19,181
9,12,12:83,56.23,176
9,12,83:41,120.89,159
9,12,41:53,77.89,116
9,12,53:50,40.62,114
9,12,50:54,20.82,114
9,12,54:63,10.32,114
9,12,63:74,7.14,147
9,12,41:73,80.48,33
9,12,73:85,33.94,33
9,12,85:63,201.24,33
9,13,115:12,193.90,82
9,13,12:83,57.79,82
9,13,83:41,118.55,75
9,13,41:53,73.02,62
9,13,53:50,38.39,62
9,13,50:54,21.87,62
9,13,41:73,39.00,10
9,13,73:85,28.70,10
9,13,85:63,496.70,10
9,15,115:12,195.48,29
9,15,12:83,51.50,28
9,15,83:41,109.19,26
9,15,41:53,58.96,25
9,15,53:50,43.58,24
9,15,50:54,19.21,24
9,15,54:113,6.92,24
9,15,113:114,25.15,20
9,15,114:31,17.05,20
9,15,31:72,7.60,20
9,15,41:73,13.00,1
9,15,73:85,2.00,1
9,15,85:63,450.00,1
9,15,63:54,17.00,1
9,16,115:12,190.03,31
9,16,12:83,49.65,31
9,16,83:41,125.63,30
9,16,41:53,87.29,28
9,16,53:50,21.04,28
9,16,50:54,19.71,28
9,16,54:113,4.61,28
9,16,113:114,24.52,25
9,16,114:31,15.00,25
9,16,31:32,35.16,25
9,16,32:65,1.12,25
9,16,65:70,8.88,25
9,16,41:73,15.00,1
9,16,73:85,3.00,1
9,16,85:63,564.00,1
9,16,63:54,20.00,1
9,17,115:12,207.48,23
9,17,12:83,51.39,23
9,17,83:41,137.68,22
9,17,41:53,61.10,20
9,17,53:50,25.60,20
9,17,50:54,22.25,20
9,17,54:113,5.00,20
9,17,113:114,25.21,19
9,17,114:31,19.58,19
9,17,31:32,34.58,19
9,17,32:65,2.11,19
9,17,65:67,1.21,19
9,17,67:69,1.26,19
9,19,115:12,189.67,24
9,19,12:83,42.67,24
9,19,83:41,117.74,23
9,19,41:53,63.14,21
9,19,53:50,22.81,21
9,19,50:54,18.81,21
9,19,54:113,5.00,21
9,19,113:114,40.30,20
9,19,114:31,11.75,20
9,19,31:32,25.90,20
9,19,32:25,6.25,20
9,19,25:142,12.95,20
9,19,142:33,17.20,20
9,19,33:80,7.10,20
9,19,80:61,2.80,20
9,21,115:12,189.48,42
9,21,12:83,51.07,41
9,21,83:41,137.05,38
9,21,41:53,59.00,34
9,21,53:50,21.70,33
9,21,50:54,25.28,18
9,21,54:113,4.94,18
9,21,113:114,13.72,18
9,21,114:31,20.22,18
9,21,31:32,32.33,18
9,21,32:65,1.17,18
9,21,65:70,89.71,17
9,21,70:68,22.29,17
9,21,68:101,10.88,17
9,21,101:102,201.81,16
9,21,102:60,26.19,16
9,21,60:33,67.06,16
9,21,33:57,7.88,16
9,21,57:19,19.31,16
9,21,19:134,30.88,25
9,21,134:139,7.12,25
9,21,65:67,1.00,1
9,21,67:69,1.00,1
9,21,69:68,13.00,1
9,21,50:40,66.71,14
9,21,40:5,115.09,11
9,21,5:6,71.10,10
9,21,6:4,55.40,10
9,21,4:3,20.00,10
9,21,3:2,46.67,9
9,21,2:145,83.00,9
9,21,145:22,63.56,9
9,21,22:21,21.22,9
9,21,21:20,15.44,9
9,21,20:18,36.00,9
9,21,18:19,46.33,9
9,21,40:7,802.00,1
9,21,7:10,485.00,1
9,21,10:6,96.00,1
9,22,115:12,229.29,45
9,22,12:83,59.07,45
9,22,83:41,138.90,42
9,22,41:53,65.62,34
9,22,53:50,22.81,32
9,22,50:40,64.72,18
9,22,40:5,65.31,16
9,22,5:6,78.88,16
9,22,6:4,18.94,16
9,22,4:3,19.63,16
9,22,3:2,38.44,16
9,22,2:145,41.31,16
9,22,145:22,65.88,16
9,22,22:21,14.31,16
9,22,21:20,18.31,16
9,22,20:18,34.81,16
9,22,18:19,37.88,16
9,22,19:134,25.52,27
9,22,134:135,9.67,27
9,22,40:7,1308.00,1
9,22,50:54,13.38,13
9,22,54:113,4.44,16
9,22,113:114,15.56,16
9,22,114:31,15.43,14
9,22,31:32,33.79,14
9,22,32:65,1.21,14
9,22,65:70,129.08,13
9,22,70:68,44.77,13
9,22,68:101,30.50,14
9,22,101:102,157.91,11
9,22,102:60,57.00,11
9,22,60:33,80.18,11
9,22,33:57,9.09,11
9,22,57:19,17.36,11
9,22,65:67,2.00,1
9,22,67:69,2.00,1
9,22,69:68,1008.00,1
9,22,114:96,3.00,2
9,22,96:90,3.50,2
9,22,90:40,64.00,2
9,22,41:73,13.67,3
9,22,73:85,3.00,3
9,22,85:63,596.67,3
9,22,63:54,25.00,3
9,24,115:12,168.70,10
9,24,12:83,44.80,10
9,24,83:41,129.60,10
9,24,41:53,75.50,10
9,24,53:50,9.56,9
9,24,50:40,46.33,9
9,24,40:7,65.00,3
9,24,7:10,105.67,3
9,24,10:6,82.00,3
9,24,6:4,44.00,9
9,24,4:3,67.89,9
9,24,3:2,41.22,9
9,24,2:145,39.50,8
9,24,145:22,59.88,8
9,24,22:21,24.50,8
9,24,21:20,4.75,8
9,24,20:130,30.25,8
9,24,130:131,11.50,8
9,24,40:5,156.83,6
9,24,5:6,54.17,6
9,25,115:12,267.00,2
9,25,12:83,38.50,2
9,25,83:41,144.00,2
9,25,41:53,82.50,2
9,25,53:50,52.00,2
9,25,50:40,18.00,1
9,25,40:5,207.00,1
9,25,5:6,104.00,1
9,25,6:4,19.00,1
9,25,4:3,12.00,1
9,25,3:2,55.00,1
9,25,2:145,25.00,1
9,25,145:22,165.00,1
9,25,22:38,14.00,1
9,25,38:75,11.00,1
9,25,75:125,18.00,1
9,26,115:12,189.93,74
9,26,12:83,50.31,71
9,26,83:41,117.34,67
9,26,41:53,51.73,60
9,26,53:50,13.47,59
9,26,50:40,60.90,58
9,26,40:5,96.04,51
9,26,5:6,74.04,50
9,26,6:4,23.13,60
9,26,4:3,31.98,60
9,26,3:2,44.67,60
9,26,40:7,126.50,10
9,26,7:10,62.50,10
9,26,10:6,89.10,10
9,26,41:73,115.20,5
9,26,73:85,100.80,5
9,26,85:63,649.00,5
9,26,63:54,77.20,5
9,26,54:40,35.20,5
9,28,115:12,186.07,178
9,28,12:83,44.65,170
9,28,83:41,119.21,164
9,28,41:53,57.50,160
9,28,53:119,5.38,160
9,28,119:143,9.49,160
10,2,71:110,76.41,59
10,2,110:48,30.43,58
10,2,48:86,29.83,58
10,2,86:41,26.46,57
10,2,41:123,16.83,36
10,2,123:8,41.94,35
10,2,8:7,121.29,31
10,2,7:10,63.03,33
10,2,10:6,141.06,32
10,2,6:4,42.98,44
10,2,4:3,38.19,43
10,2,3:2,47.56,41
10,2,2:145,30.55,40
10,2,145:22,63.51,39
10,2,22:38,59.79,38
10,2,38:75,45.42,38
10,2,75:42,15.68,38
10,2,42:128,9.92,38
10,2,22:21,58.00,1
10,2,21:20,211.00,1
10,2,20:130,18.00,1
10,2,130:75,12.00,1
10,2,41:53,91.00,19
10,2,53:50,21.29,17
10,2,50:40,53.33,15
10,2,40:7,72.50,2
10,2,40:5,110.25,12
10,2,5:6,69.33,12
10,4,71:110,60.29,111
10,4,110:48,38.15,110
10,4,48:86,20.29,110
10,4,86:41,23.88,109
10,4,41:123,16.22,82
10,4,123:8,40.77,79
10,4,8:7,207.37,75
10,4,7:10,99.35,78
10,4,10:6,139.88,76
10,4,6:4,43.60,90
10,4,4:3,35.47,87
10,4,3:2,66.99,80
10,4,2:9,19.44,80
10,4,9:84,9.30,80
10,4,41:53,47.59,22
10,4,53:50,15.27,22
10,4,50:40,56.68,22
10,4,40:7,62.00,4
10,4,40:5,81.19,16
10,4,5:6,99.63,16
10,9,71:110,53.68,44
10,9,110:48,31.52,44
10,9,48:86,27.34,44
10,9,86:41,24.14,43
10,9,41:123,35.71,42
10,9,123:8,30.12,42
10,9,8:45,4.38,42
10,9,45:44,7.31,42
10,9,44:43,4.12,42
10,9,43:51,5.88,42
10,9,51:94,2.31,42
10,9,94:41,9.79,42
10,9,41:83,18.07,42
10,9,83:12,23.43,42
10,9,12:115,18.81,42
10,11,71:110,87.00,5
10,11,110:48,29.00,5
10,11,48:108,10.40,5
10,12,71:110,57.25,4
10,12,110:48,32.75,4
10,12,48:86,21.00,4
10,12,86:41,26.33,3
10,12,41:53,80.67,3
10,12,53:50,26.67,3
10,12,50:54,5.33,3
10,12,54:63,13.33,3
10,12,63:74,7.67,3
10,13,71:110,62.34,187
10,13,110:48,36.97,185
10,13,48:86,24.28,180
10,13,86:41,30.51,176
10,13,41:53,83.48,143
10,13,53:50,39.72,143
10,13,50:54,16.55,143
10,13,41:73,13.04,26
10,13,73:85,10.62,26
10,13,85:63,334.54,26
10,15,71:110,110.71,14
10,15,110:48,40.79,14
10,15,48:86,34.92,13
10,15,86:41,23.15,13
10,15,41:53,67.92,12
10,15,53:50,34.18,11
10,15,50:54,14.91,11
10,15,54:113,26.70,10
10,15,113:114,58.33,9
10,15,114:31,20.44,9
10,15,31:72,7.22,9
10,16,71:110,67.17,153
10,16,110:48,41.81,149
10,16,48:86,30.48,148
10,16,86:41,29.93,146
10,16,41:53,84.99,131
10,16,53:50,31.52,128
10,16,50:54,14.98,128
10,16,54:113,7.86,125
10,16,113:114,23.71,118
10,16,114:31,15.91,118
10,16,31:32,40.86,118
10,16,32:65,1.37,118
10,16,65:70,9.22,118
10,16,41:73,13.00,6
10,16,73:85,18.33,6
10,16,85:63,593.17,6
10,16,63:54,32.33,6
10,19,71:110,49.73,11
10,19,110:48,21.27,11
10,19,48:86,30.09,11
10,19,86:41,35.91,11
10,19,41:53,73.70,10
10,19,53:50,34.30,10
10,19,50:54,19.90,10
10,19,54:113,5.00,11
10,19,113:114,42.00,11
10,19,114:31,22.18,11
10,19,31:32,25.64,11
10,19,32:25,6.00,11
10,19,25:142,12.91,11
10,19,142:33,10.18,11
10,19,33:80,6.82,11
10,19,80:61,2.82,11
10,19,41:73,12.00,1
10,19,73:85,87.00,1
10,19,85:63,798.00,1
10,19,63:54,42.00,1
10,22,71:110,75.92,37
10,22,110:48,42.08,37
10,22,48:86,32.47,36
10,22,86:41,24.67,36
10,22,41:123,28.32,22
10,22,123:8,97.68,22
10,22,8:7,184.50,16
10,22,7:10,147.60,15
10,22,10:6,123.36,14
10,22,6:4,40.67,15
10,22,4:3,27.00,14
10,22,3:2,63.57,14
10,22,2:145,62.38,13
10,22,145:22,75.69,13
10,22,22:21,17.92,13
10,22,21:20,13.15,13
10,22,20:18,25.38,13
10,22,18:19,34.08,13
10,22,19:134,23.44,18
10,22,134:135,9.44,18
10,22,41:53,86.36,14
10,22,53:50,27.23,13
10,22,50:54,3.14,7
10,22,54:113,4.43,7
10,22,113:114,22.57,7
10,22,114:31,6.86,7
10,22,31:32,47.43,7
10,22,32:65,1.14,7
10,22,65:70,9.00,5
10,22,70:68,2.00,5
10,22,68:101,38.57,7
10,22,101:102,195.80,5
10,22,102:60,24.00,5
10,22,60:33,113.60,5
10,22,33:57,10.40,5
10,22,57:19,16.80,5
10,22,65:67,2.00,2
10,22,67:69,2.00,2
10,22,69:68,1035.50,2
10,22,50:40,175.50,4
10,22,40:5,61.50,2
10,22,5:6,29.50,2
10,25,71:110,65.55,222
10,25,110:48,33.20,218
10,25,48:86,26.78,214
10,25,86:41,27.91,211
10,25,41:123,20.01,136
10,25,123:8,48.26,135
10,25,8:7,166.25,128
10,25,7:10,87.12,140
10,25,10:6,130.57,134
10,25,6:4,40.87,165
10,25,4:3,39.32,159
10,25,3:2,42.52,153
10,25,2:145,40.62,148
10,25,145:22,88.04,148
10,25,22:38,32.53,136
10,25,38:75,49.99,136
10,25,75:125,17.03,146
10,25,22:21,57.33,12
10,25,21:20,22.50,12
10,25,20:130,41.42,12
10,25,130:75,36.60,10
10,25,41:53,77.76,67
10,25,53:50,23.53,60
10,25,50:40,75.78,54
10,25,40:7,72.69,13
10,25,40:5,150.69,35
10,25,5:6,56.79,33
10,28,71:110,60.23,171
10,28,110:48,38.97,166
10,28,48:86,31.85,163
10,28,86:41,31.08,163
10,28,41:53,74.97,151
10,28,53:119,5.51,151
10,28,119:143,9.54,151
11,8,108:48,35.51,346
11,8,48:12,92.69,331
11,8,12:111,17.37,331
11,9,108:48,35.26,143
11,9,48:12,43.87,143
11,9,12:115,19.75,143
12,2,74:63,38.79,105
12,2,63:54,75.47,102
12,2,54:40,48.70,87
12,2,40:5,122.03,70
12,2,5:6,76.08,65
12,2,6:4,33.00,72
12,2,4:3,36.93,72
12,2,3:2,59.70,71
12,2,2:145,64.75,69
12,2,145:22,101.60,67
12,2,22:38,77.00,63
12,2,38:75,42.73,63
12,2,75:42,17.39,67
12,2,42:128,10.00,67
12,2,22:21,45.50,4
12,2,21:20,5.25,4
12,2,20:130,47.00,4
12,2,130:75,68.50,4
12,2,40:7,255.56,9
12,2,7:10,118.50,8
12,2,10:6,152.13,8
12,2,54:113,8.36,11
12,2,113:114,63.40,10
12,2,114:96,22.90,10
12,2,96:90,12.78,9
12,2,90:40,158.13,8
12,4,74:63,36.03,90
12,4,63:54,60.88,81
12,4,54:40,33.69,72
12,4,40:5,109.83,66
12,4,5:6,46.09,64
12,4,6:4,27.18,71
12,4,4:3,51.51,71
12,4,3:2,76.61,71
12,4,2:9,22.90,71
12,4,9:84,9.08,71
12,4,40:7,167.86,7
12,4,7:10,101.29,7
12,4,10:6,155.43,7
12,4,54:113,43.50,6
12,4,113:114,39.00,6
12,4,114:96,20.40,5
12,4,96:90,29.40,5
12,4,90:40,164.75,4
12,6,74:63,37.26,375
12,6,63:54,56.07,368
12,6,54:40,41.92,312
12,6,40:7,70.63,352
12,6,7:47,15.46,352
12,6,54:113,20.16,51
12,6,113:114,69.61,46
12,6,114:96,31.93,45
12,6,96:90,21.86,43
12,6,90:40,133.15,41
12,9,74:63,21.50,2
12,9,63:54,28.50,2
12,9,54:113,4.00,1
12,9,113:114,9.00,1
12,9,114:96,4.00,1
12,9,96:90,3.00,1
12,9,90:40,29.00,1
12,9,40:43,8.00,1
12,9,43:51,4.00,1
12,9,51:94,2.00,1
12,9,94:41,10.00,1
12,9,41:83,16.50,2
12,9,83:12,38.00,2
12,9,12:115,19.00,2
12,9,54:40,8.00,1
12,9,40:7,39.00,1
12,9,7:8,23.00,1
12,9,8:123,6.00,1
12,9,123:41,4.00,1
12,10,74:63,58.71,7
12,10,63:54,73.29,7
12,10,54:40,49.00,4
12,10,40:7,38.00,5
12,10,7:8,55.20,5
12,10,8:123,7.20,5
12,10,123:41,25.00,5
12,10,41:86,8.20,5
12,10,86:48,4.20,5
12,10,48:110,8.60,5
12,10,110:71,10.00,5
12,10,54:113,13.33,3
12,10,113:114,229.33,3
12,10,114:96,14.00,2
12,10,96:90,29.50,2
12,10,90:40,146.00,1
12,13,74:63,42.21,123
12,22,74:63,17.00,1
12,22,63:54,86.00,1
12,22,54:40,10.00,1
12,22,40:5,215.00,1
12,22,5:6,45.00,1
12,22,6:4,136.00,1
12,22,4:3,33.00,1
12,22,3:2,385.00,1
12,25,74:63,34.41,66
12,25,63:54,66.52,62
12,25,54:40,36.25,52
12,25,40:5,82.24,49
12,25,5:6,48.90,49
12,25,6:4,28.26,50
12,25,4:3,38.92,50
12,25,3:2,51.98,50
12,25,2:145,31.71,48
12,25,145:22,78.98,48
12,25,22:38,32.98,43
12,25,38:75,45.35,43
12,25,75:125,17.02,48
12,25,22:21,37.60,5
12,25,21:20,55.00,5
12,25,20:130,39.60,5
12,25,130:75,56.00,5
12,25,40:7,260.00,1
12,25,7:10,91.00,1
12,25,10:6,197.00,1
12,25,54:113,5.40,5
12,25,113:114,64.60,5
12,25,114:96,63.80,5
12,25,96:90,30.60,5
12,25,90:40,257.67,3
12,26,74:63,23.00,3
12,26,63:54,29.00,3
12,26,54:40,26.50,2
12,26,40:5,53.67,3
12,26,5:6,26.67,3
12,26,6:4,17.33,3
12,26,4:3,22.67,3
12,26,3:2,67.33,3
12,26,54:113,4.00,1
12,26,113:114,46.00,1
12,26,114:96,63.00,1
12,26,96:90,10.00,1
12,26,90:40,276.00,1
12,28,74:63,30.79,76
12,28,63:54,55.23,74
12,28,54:40,27.42,65
12,28,40:5,95.00,11
12,28,5:6,43.45,11
12,28,6:4,24.93,15
12,28,4:3,30.93,15
12,28,3:2,42.33,15
12,28,2:145,41.80,15
12,28,145:22,48.80,15
12,28,22:21,16.53,15
12,28,21:20,21.93,15
12,28,20:87,34.36,14
12,28,87:37,158.14,14
12,28,37:14,144.60,15
12,28,14:112,5.33,15
12,28,112:120,2.93,15
12,28,20:18,101.00,1
12,28,18:17,295.00,1
12,28,17:37,169.00,1
12,28,40:7,57.27,60
12,28,7:8,52.82,55
12,28,8:123,13.71,55
12,28,123:41,37.47,55
12,28,41:86,9.20,55
12,28,86:48,5.67,55
12,28,48:12,162.20,46
12,28,12:83,51.56,41
12,28,83:41,100.24,37
12,28,41:53,72.31,35
12,28,53:119,5.71,35
12,28,119:143,9.34,35
12,28,7:10,121.50,4
12,28,10:6,123.00,4
12,28,54:113,29.00,9
12,28,113:114,120.11,9
12,28,114:96,59.00,7
12,28,96:90,20.00,7
12,28,90:40,125.50,6
13,2,54:113,3.00,1
13,2,54:40,43.67,9
13,2,40:5,97.82,11
13,2,5:6,34.73,11
13,2,6:4,29.36,11
13,2,4:3,42.91,11
13,2,3:2,49.00,11
13,2,2:145,90.91,11
13,2,145:22,97.27,11
13,2,22:38,57.00,10
13,2,38:75,43.30,10
13,2,75:42,18.20,10
13,2,42:128,10.20,10
13,2,22:21,57.00,1
13,2,21:20,210.00,1
13,2,20:130,53.00,1
13,2,113:114,8.00,1
13,2,114:31,73.00,1
13,2,31:32,13.00,1
13,2,32:65,2.00,1
13,2,65:70,816.00,1
13,2,70:68,327.00,1
13,2,68:101,86.00,1
13,2,114:96,9.83,6
13,2,96:90,5.33,6
13,2,90:40,87.60,5
13,6,54:40,66.00,1
13,6,40:7,16.00,1
13,6,7:47,15.00,1
13,8,54:113,3.50,2
13,8,54:40,48.50,4
13,8,40:7,22.50,4
13,8,7:8,36.00,4
13,8,8:123,31.75,4
13,8,123:41,20.25,4
13,8,41:83,17.67,6
13,8,83:12,25.17,6
13,8,12:111,15.00,6
13,8,113:114,8.00,2
13,8,114:96,7.00,2
13,8,96:90,10.50,2
13,8,90:40,102.00,2
13,8,40:43,8.00,2
13,8,43:51,4.00,2
13,8,51:94,2.50,2
13,8,94:41,42.00,2
13,9,54:113,4.00,3
13,9,54:40,62.00,13
13,9,40:7,30.92,13
13,9,7:8,46.42,12
13,9,8:123,30.08,12
13,9,123:41,19.33,12
13,9,113:114,7.67,3
13,9,114:96,9.13,16
13,9,96:90,7.63,16
13,9,90:40,91.38,16
13,9,40:43,7.69,16
13,9,43:51,4.13,16
13,9,51:94,2.81,16
13,9,94:41,27.50,16
13,9,41:83,17.36,28
13,9,83:12,28.21,28
13,9,12:115,19.54,28
13,16,54:113,8.00,4
13,16,113:114,7.75,4
13,16,114:31,47.67,6
13,16,31:32,22.00,6
13,16,32:65,1.33,6
13,16,65:70,8.67,6
13,19,54:113,3.40,5
13,19,113:114,7.60,5
13,19,114:31,45.50,6
13,19,31:32,13.67,6
13,19,32:25,5.83,6
13,19,25:142,13.00,6
13,19,142:33,10.17,6
13,19,33:80,7.00,6
13,19,80:61,2.50,6
13,22,54:113,3.60,10
13,22,54:40,48.17,6
13,22,40:5,126.20,5
13,22,5:6,181.00,5
13,22,6:4,48.75,4
13,22,4:3,13.50,4
13,22,3:2,122.25,4
13,22,2:145,15.75,4
13,22,145:22,66.50,4
13,22,22:21,13.50,4
13,22,21:20,5.00,4
13,22,20:18,59.50,4
13,22,18:19,35.75,4
13,22,113:114,8.60,10
13,22,114:31,23.27,22
13,22,31:32,29.50,22
13,22,32:65,1.32,22
13,22,65:70,89.33,21
13,22,70:68,18.90,21
13,22,68:101,12.35,20
13,22,101:102,221.26,19
13,22,102:60,33.74,19
13,22,60:33,75.74,19
13,22,33:57,12.53,19
13,22,57:19,50.16,19
13,22,19:134,32.91,23
13,22,134:135,9.96,23
13,22,65:67,1.00,1
13,22,67:69,1.00,1
13,22,69:68,885.00,1
13,22,114:96,26.00,2
13,22,96:90,15.00,2
13,22,90:40,16.00,1
13,24,114:96,2.00,1
13,24,96:90,3.00,1
13,24,90:40,102.00,1
13,24,40:5,27.00,1
13,24,5:6,95.00,1
13,24,6:4,26.00,1
13,24,4:3,15.00,1
13,24,3:2,42.00,1
13,24,2:145,113.00,1
13,24,145:22,84.00,1
13,24,22:21,29.00,1
13,24,21:20,7.00,1
13,24,20:130,38.00,1
13,24,130:131,11.00,1
13,25,54:113,4.00,1
13,25,54:40,32.06,16
13,25,40:5,80.38,16
13,25,5:6,69.56,16
13,25,6:4,20.62,21
13,25,4:3,41.95,21
13,25,3:2,30.80,20
13,25,2:145,26.60,20
13,25,145:22,83.80,20
13,25,22:38,25.89,19
13,25,38:75,38.42,19
13,25,75:125,17.24,21
13,25,22:21,58.00,1
13,25,21:20,6.00,1
13,25,20:130,51.00,1
13,25,130:75,47.00,2
13,25,113:114,7.00,1
13,25,114:31,38.50,2
13,25,31:32,14.50,2
13,25,32:65,1.50,2
13,25,65:70,11.00,1
13,25,70:68,3.00,1
13,25,68:101,55.50,2
13,25,101:102,796.00,1
13,25,102:60,133.00,1
13,25,60:33,53.00,1
13,25,33:57,7.00,1
13,25,57:19,21.00,1
13,25,19:134,37.00,1
13,25,134:133,14.00,1
13,25,133:130,10.00,1
13,25,65:67,1.00,1
13,25,67:69,1.00,1
13,25,69:68,1035.00,1
13,25,114:96,6.63,8
13,25,96:90,5.50,8
13,25,90:40,50.14,7
13,25,40:7,135.60,5
13,25,7:10,88.40,5
13,25,10:6,138.60,5
14,21,93:88,31.00,2
14,21,88:87,24.50,2
14,21,87:20,30.50,2
14,21,20:18,28.00,2
14,21,18:19,42.00,2
14,21,19:134,20.00,2
14,21,134:139,7.00,2
14,22,93:88,25.88,8
14,22,88:87,20.88,8
14,22,87:20,28.50,8
14,22,20:18,21.00,8
14,22,18:19,62.75,8
14,22,19:134,19.63,8
14,22,134:135,9.63,8
14,24,93:88,28.10,1750
14,24,88:87,22.47,1733
14,24,87:20,34.18,1709
14,24,20:130,19.18,1709
14,24,130:131,11.45,1709
15,5,72:31,41.26,540
15,5,31:89,18.38,536
15,5,89:14,66.54,533
15,5,14:26,15.65,533
15,5,26:28,2.80,533
15,5,28:29,3.56,533
15,5,29:30,4.57,533
15,5,30:27,7.36,532
15,5,27:62,3.91,532
15,16,72:31,40.72,46
15,16,31:32,14.80,46
15,16,32:65,1.20,46
15,16,65:70,8.93,46
15,17,72:31,45.64,103
15,17,31:32,14.16,103
15,17,32:65,2.03,103
15,17,65:67,1.47,103
15,17,67:69,1.53,103
15,19,72:31,36.82,22
15,19,31:32,11.18,22
15,19,32:25,5.67,21
15,19,25:142,13.05,22
15,19,142:33,10.41,22
15,19,33:80,6.77,22
15,19,80:61,2.73,22
15,19,32:65,2.00,1
15,19,65:67,1.00,1
15,19,67:69,1.00,1
15,19,69:66,2.00,1
15,19,66:25,5.00,1
15,21,72:31,39.43,7
15,21,31:89,9.00,6
15,21,89:14,201.83,6
15,21,14:37,43.20,5
15,21,37:87,27.80,5
15,21,87:20,72.60,5
15,21,20:18,31.60,5
15,21,18:19,54.60,5
15,21,19:134,19.40,5
15,21,134:139,6.60,5
15,21,31:32,14.00,1
15,21,32:65,2.00,1
15,21,65:67,2.00,1
15,21,67:69,1.00,1
15,21,69:68,912.00,1
15,21,68:101,223.00,1
15,22,72:31,49.27,398
15,22,31:89,27.77,306
15,22,89:14,129.81,282
15,22,14:37,58.40,267
15,22,37:87,40.69,262
15,22,87:20,49.85,257
15,22,20:18,32.56,257
15,22,18:19,62.14,250
15,22,19:134,23.26,304
15,22,134:135,9.68,304
15,22,14:15,5.92,12
15,22,15:16,45.58,12
15,22,16:36,7.83,12
15,22,36:24,54.75,12
15,22,24:32,6.58,12
15,22,31:32,18.99,82
15,22,32:65,2.10,94
15,22,65:70,41.87,76
15,22,70:68,48.14,76
15,22,68:101,101.77,94
15,22,101:102,415.57,84
15,22,102:60,102.73,78
15,22,60:33,137.24,72
15,22,33:57,19.72,71
15,22,57:19,55.32,66
15,22,65:67,2.17,18
15,22,67:69,1.94,18
15,22,69:68,661.44,18
15,24,72:31,40.02,587
15,24,31:89,24.97,581
15,24,89:14,107.72,548
15,24,14:37,52.36,539
15,24,37:87,29.13,535
15,24,87:20,28.50,528
15,24,20:130,19.10,528
15,24,130:131,11.36,528
18,2,102:60,60.00,49
18,2,60:33,101.08,49
18,2,33:57,11.43,47
18,2,57:19,59.69,45
18,2,19:134,113.41,41
18,2,134:133,41.90,40
18,2,133:130,65.28,40
18,2,130:75,52.24,41
18,2,75:42,48.59,39
18,2,42:128,10.49,39
18,2,57:17,112.00,1
18,2,33:142,3.50,2
18,2,142:25,11.50,2
18,2,25:64,3.50,2
18,2,64:34,3.00,2
18,2,34:35,3.00,2
18,2,35:17,34.00,2
18,2,17:37,12.00,3
18,2,37:87,14.33,3
18,2,87:20,39.67,3
18,2,20:130,18.67,3
18,4,102:60,92.35,339
18,4,60:33,107.76,327
18,4,33:57,27.46,197
18,4,57:17,390.81,135
18,4,17:37,47.81,263
18,4,37:2,107.07,263
18,4,2:9,53.07,262
18,4,9:84,9.04,259
18,4,57:19,198.30,53
18,4,19:134,287.92,38
18,4,134:133,399.62,26
18,4,133:130,95.71,7
18,4,130:20,30.20,5
18,4,20:87,11.40,5
18,4,87:37,218.25,4
18,4,133:18,459.50,2
18,4,18:17,209.00,1
18,4,33:142,4.38,128
18,4,142:25,16.15,128
18,4,25:64,13.15,127
18,4,64:34,21.03,127
18,4,34:35,39.78,127
18,4,35:17,178.39,127
18,4,25:24,3.00,1
18,5,102:60,88.76,67
18,5,60:33,115.15,66
18,5,33:57,18.89,19
18,5,57:17,449.17,18
18,5,17:37,100.56,18
18,5,37:14,108.89,18
18,5,14:26,14.56,57
18,5,26:28,2.72,57
18,5,28:29,3.63,57
18,5,29:30,4.61,57
18,5,30:27,7.26,57
18,5,27:62,3.98,57
18,5,33:142,4.64,47
18,5,142:25,12.07,46
18,5,25:24,9.91,44
18,5,24:89,33.62,39
18,5,89:14,52.03,39
18,8,102:60,40.82,11
18,8,60:33,79.09,11
18,8,33:142,5.09,11
18,8,142:25,11.64,11
18,8,25:24,10.64,11
18,8,24:89,32.56,9
18,8,89:90,34.00,8
18,8,90:40,138.25,8
18,8,40:43,7.88,8
18,8,43:51,4.13,8
18,8,51:94,2.75,8
18,8,94:41,34.13,8
18,8,41:83,18.50,8
18,8,83:12,4.63,8
18,8,12:111,14.88,8
18,9,102:60,107.15,155
18,9,60:33,109.31,150
18,9,33:142,4.43,148
18,9,142:25,12.61,148
18,9,25:24,11.71,141
18,9,24:89,38.48,127
18,9,89:90,9.80,115
18,9,90:40,98.26,114
18,9,40:43,7.86,114
18,9,43:51,4.08,114
18,9,51:94,2.85,114
18,9,94:41,27.14,114
18,9,41:83,18.75,114
18,9,83:12,8.12,114
18,9,12:115,20.04,114
18,21,102:60,69.23,172
18,21,60:33,88.60,169
18,21,33:57,20.74,167
18,21,57:19,28.34,164
18,21,19:134,37.20,161
18,21,134:139,6.75,161
18,22,102:60,71.79,252
18,22,60:33,104.15,242
18,22,33:57,31.16,239
18,22,57:19,46.93,229
18,22,19:134,37.35,220
18,22,134:135,9.66,219
18,24,102:60,76.33,6
18,24,60:33,101.50,6
18,24,33:57,23.33,3
18,24,57:17,252.50,2
18,24,17:37,29.50,4
18,24,37:87,28.00,6
18,24,87:20,35.67,6
18,24,20:130,19.00,6
18,24,130:131,11.17,6
18,24,57:19,11.00,1
18,24,19:134,21.00,1
18,24,134:133,76.00,1
18,24,133:18,143.00,1
18,24,18:17,218.00,1
18,24,33:142,4.00,3
18,24,142:25,10.67,3
18,24,25:64,4.00,1
18,24,64:34,2.00,1
18,24,34:35,10.00,1
18,24,35:17,93.00,1
18,24,25:24,14.00,2
18,24,24:89,32.50,2
18,24,89:14,112.00,2
18,24,14:37,53.00,2
18,27,102:60,74.00,1
18,27,60:33,71.00,1
18,27,33:142,3.00,1
18,27,142:25,11.00,1
18,27,25:24,4.00,1
18,28,102:60,48.08,38
18,28,60:33,87.43,37
18,28,33:57,24.30,27
18,28,57:17,410.94,17
18,28,17:37,100.00,26
18,28,37:14,130.88,33
18,28,14:112,5.85,33
18,28,112:120,2.58,33
18,28,57:19,80.00,10
18,28,19:134,186.33,9
18,28,134:133,54.00,7
18,28,133:130,107.29,7
18,28,130:20,34.71,7
18,28,20:87,11.71,7
18,28,87:37,107.29,7
18,28,33:142,4.30,10
18,28,142:25,11.30,10
18,28,25:64,3.44,9
18,28,64:34,20.11,9
18,28,34:35,59.44,9
18,28,35:17,277.56,9
18,28,25:24,4.00,1
18,28,24:89,23.00,1
18,28,89:90,22.00,1
18,28,90:40,138.00,1
18,28,40:7,31.00,1
18,28,7:8,35.00,1
18,28,8:123,55.00,1
18,28,123:41,5.00,1
18,28,41:86,7.00,1
18,28,86:48,6.00,1
18,28,48:12,27.00,1
18,28,12:83,84.00,1
18,28,83:41,199.00,1
18,28,41:53,111.00,1
18,28,53:119,7.00,1
18,28,119:143,9.00,1
19,2,61:79,17.57,100
19,2,79:82,22.64,100
19,2,82:99,5.35,100
19,2,61:80,5.50,20
19,2,80:33,7.11,19
19,2,33:142,5.26,19
19,2,142:25,12.53,17
19,2,25:64,3.53,15
19,2,64:34,2.40,15
19,2,34:35,5.20,15
19,2,35:17,40.60,15
19,2,17:37,17.95,22
19,2,37:87,15.17,23
19,2,87:20,39.00,23
19,2,20:130,22.48,23
19,2,130:75,49.88,99
19,2,75:42,48.91,97
19,2,42:128,10.33,97
19,2,25:24,4.00,1
19,2,24:89,99.00,1
19,2,89:14,179.00,1
19,2,14:37,24.00,1
19,4,61:79,25.51,43
19,4,79:82,24.65,43
19,4,82:99,4.02,43
19,4,61:80,5.25,20
19,4,80:33,13.40,20
19,4,33:142,6.00,20
19,4,142:25,14.45,20
19,4,25:64,5.30,20
19,4,64:34,9.90,20
19,4,34:35,40.15,20
19,4,35:17,180.40,20
19,4,17:37,36.85,41
19,4,37:2,112.54,41
19,4,2:9,57.00,41
19,4,9:84,9.12,41
19,5,61:79,13.55,11
19,5,79:82,7.91,11
19,5,82:99,7.18,11
19,5,61:80,5.17,29
19,5,80:33,10.21,29
19,5,33:142,5.79,29
19,5,142:25,12.39,28
19,5,25:24,13.29,28
19,5,24:89,38.48,27
19,5,89:14,46.26,27
19,5,14:26,14.86,35
19,5,26:28,2.77,35
19,5,28:29,3.54,35
19,5,29:30,4.51,35
19,5,30:27,7.23,35
19,5,27:62,4.06,35
19,8,61:80,5.50,2
19,8,80:33,9.00,2
19,8,33:142,6.00,2
19,8,142:25,12.50,2
19,8,25:24,16.50,2
19,8,24:89,50.00,1
19,8,89:90,25.00,1
19,8,90:40,143.00,1
19,8,40:43,7.00,1
19,8,43:51,4.00,1
19,8,51:94,3.00,1
19,8,94:41,47.00,1
19,8,41:83,19.00,1
19,8,83:12,5.00,1
19,8,12:111,16.00,1
19,9,61:80,5.31,101
19,9,80:33,14.14,99
19,9,33:142,6.17,99
19,9,142:25,12.07,97
19,9,25:24,11.88,97
19,9,24:89,33.33,92
19,9,89:90,13.33,91
19,9,90:40,90.86,90
19,9,40:43,7.83,90
19,9,43:51,4.02,90
19,9,51:94,2.91,90
19,9,94:41,32.10,90
19,9,41:83,18.63,90
19,9,83:12,11.11,90
19,9,12:115,19.69,90
19,10,61:80,5.35,71
19,10,80:33,12.04,69
19,10,33:142,6.29,69
19,10,142:25,12.19,68
19,10,25:24,10.43,67
19,10,24:89,35.25,60
19,10,89:90,25.46,57
19,10,90:40,109.25,53
19,10,40:7,29.74,53
19,10,7:8,44.06,53
19,10,8:123,21.70,53
19,10,123:41,33.89,53
19,10,41:86,8.66,53
19,10,86:48,4.26,53
19,10,48:110,8.64,53
19,10,110:71,9.89,53
19,13,61:79,20.53,58
19,13,79:82,11.57,58
19,13,82:99,5.12,58
19,13,61:80,5.32,56
19,13,80:33,10.88,56
19,13,33:142,5.93,56
19,13,142:25,12.84,56
19,13,25:64,6.77,43
19,13,64:34,9.02,43
19,13,34:35,37.58,43
19,13,35:17,195.88,43
19,13,17:37,111.47,70
19,13,37:14,111.38,80
19,13,14:112,6.31,80
19,13,112:89,45.60,77
19,13,89:31,4.92,77
19,13,25:24,16.46,13
19,13,24:89,38.62,13
19,13,89:90,8.77,13
19,13,90:40,64.00,13
19,13,40:7,21.77,13
19,13,7:8,21.08,13
19,13,8:123,12.38,13
19,13,123:41,52.69,13
19,13,41:86,9.00,13
19,13,86:48,5.69,13
19,13,48:12,54.08,13
19,13,12:83,61.38,13
19,13,83:41,160.23,13
19,13,41:53,116.00,13
19,13,53:50,39.62,13
19,13,50:54,27.62,13
19,14,61:79,13.00,3
19,14,79:82,9.67,3
19,14,82:99,4.33,3
19,15,61:79,13.88,8
19,15,79:82,11.50,8
19,15,82:99,5.25,8
19,15,61:80,5.80,5
19,15,80:33,7.40,5
19,15,33:142,4.80,5
19,15,142:25,13.50,4
19,15,25:64,26.00,4
19,15,64:34,62.50,4
19,15,34:35,37.75,4
19,15,35:17,111.25,4
19,15,17:37,139.82,11
19,15,37:14,143.27,11
19,15,14:112,7.00,11
19,15,112:89,46.27,11
19,15,89:31,4.82,11
19,15,31:72,8.00,11
19,21,61:79,8.50,2
19,21,79:82,12.00,2
19,21,82:99,12.50,2
19,22,61:79,15.35,831
19,22,79:82,14.43,824
19,22,82:99,6.53,824
19,24,61:79,10.14,7
19,24,79:82,11.57,7
19,24,82:99,5.29,7
19,24,61:80,5.50,14
19,24,80:33,10.93,14
19,24,33:142,6.07,14
19,24,142:25,12.29,14
19,24,25:64,3.56,9
19,24,64:34,3.11,9
19,24,34:35,10.33,9
19,24,35:17,100.11,9
19,24,17:37,34.00,16
19,24,37:87,26.50,20
19,24,87:20,44.42,19
19,24,20:130,18.95,19
19,24,130:131,11.47,19
19,24,25:24,4.50,4
19,24,24:89,43.75,4
19,24,89:14,137.50,4
19,24,14:37,57.75,4
19,27,61:80,5.32,40
19,27,80:33,8.48,40
19,27,33:142,5.93,40
19,27,142:25,12.32,40
19,27,25:24,13.92,39
19,27,24:89,40.17,30
19,27,89:90,11.74,27
19,27,90:40,98.65,23
19,28,61:79,13.54,41
19,28,79:82,28.85,41
19,28,82:99,5.59,41
19,28,61:80,5.34,32
19,28,80:33,9.50,32
19,28,33:142,5.44,32
19,28,142:25,11.78,32
19,28,25:64,5.13,30
19,28,64:34,4.20,30
19,28,34:35,9.23,30
19,28,35:17,189.10,30
19,28,17:37,121.53,47
19,28,37:14,138.80,54
19,28,14:112,5.67,54
19,28,112:120,2.72,54
19,28,25:24,19.50,2
19,28,24:89,48.50,2
19,28,89:90,8.50,2
19,28,90:40,104.00,2
19,28,40:7,26.00,2
19,28,7:8,32.00,2
19,28,8:123,9.50,2
19,28,123:41,52.50,2
19,28,41:86,8.00,2
19,28,86:48,4.50,2
19,28,48:12,59.00,2
19,28,12:83,33.50,2
19,28,83:41,146.00,2
19,28,41:53,100.00,2
19,28,53:119,6.00,2
19,28,119:143,10.00,2
20,14,81:79,3.20,5
20,14,79:82,8.80,5
20,14,82:99,5.80,5
21,14,139:134,68.07,15
21,14,134:133,219.29,14
21,14,133:130,91.15,13
21,14,130:20,34.00,10
21,14,20:87,8.80,10
21,14,87:88,3.70,10
21,14,88:93,4.80,10
21,16,139:134,109.13,8
21,16,134:133,127.25,8
21,16,133:18,147.20,5
21,16,18:17,34.80,5
21,16,17:16,37.40,5
21,16,16:36,5.40,5
21,16,36:24,30.80,5
21,16,24:32,3.40,5
21,16,32:65,3.00,5
21,16,65:70,9.20,5
23,2,137:133,119.05,43
23,2,133:130,50.67,43
23,2,130:75,45.14,43
23,2,75:42,49.69,42
23,2,42:128,10.50,42
23,2,133:18,55.50,2
23,2,18:19,70.50,2
23,2,19:134,21.50,2
23,2,134:133,15.00,2
23,4,137:133,100.34,74
23,4,133:18,170.51,49
23,4,18:17,123.54,46
23,4,17:37,56.26,46
23,4,37:2,102.83,59
23,4,2:9,47.00,57
23,4,9:84,9.04,56
23,4,133:130,82.95,21
23,4,130:20,32.74,19
23,4,20:87,17.37,19
23,4,87:37,81.35,17
23,5,137:133,103.50,2
23,5,133:130,82.00,1
23,5,130:20,30.00,1
23,5,20:87,8.00,1
23,5,87:37,101.00,1
23,5,37:14,168.00,2
23,5,14:26,11.50,2
23,5,26:28,3.00,2
23,5,28:29,3.50,2
23,5,29:30,4.50,2
23,5,30:27,7.50,2
23,5,27:62,4.00,2
23,5,133:18,83.00,1
23,5,18:17,123.00,1
23,5,17:37,157.00,1
23,9,137:133,67.41,123
23,9,133:18,199.17,94
23,9,18:17,120.63,91
23,9,17:37,74.75,89
23,9,37:14,86.84,31
23,9,14:112,7.00,31
23,9,112:89,48.08,25
23,9,89:90,20.58,24
23,9,90:40,87.57,23
23,9,40:43,8.00,23
23,9,43:51,4.13,23
23,9,51:94,2.91,23
23,9,94:41,26.35,23
23,9,41:83,16.75,73
23,9,83:12,32.40,73
23,9,12:115,19.70,79
23,9,37:2,95.74,72
23,9,2:9,53.37,71
23,9,9:11,14.41,70
23,9,11:6,4.83,70
23,9,6:10,11.56,70
23,9,10:7,26.57,68
23,9,7:8,62.37,59
23,9,8:123,26.48,56
23,9,123:41,24.45,56
23,9,41:86,10.67,6
23,9,86:48,4.83,6
23,9,48:12,109.17,6
23,9,133:130,74.00,26
23,9,130:20,33.54,26
23,9,20:87,13.19,26
23,9,87:37,137.59,22
23,10,137:133,80.17,47
23,10,133:18,204.03,34
23,10,18:17,109.39,31
23,10,17:37,60.58,31
23,10,37:14,51.33,3
23,10,14:112,5.67,3
23,10,112:89,48.67,3
23,10,89:90,4.00,3
23,10,90:40,48.00,3
23,10,40:7,34.33,3
23,10,7:8,40.42,33
23,10,8:123,21.58,33
23,10,123:41,14.82,33
23,10,41:86,8.09,33
23,10,86:48,4.15,33
23,10,48:110,8.79,33
23,10,110:71,9.91,33
23,10,37:2,108.26,35
23,10,2:9,46.46,35
23,10,9:11,14.12,33
23,10,11:6,5.67,33
23,10,6:10,13.15,33
23,10,10:7,28.52,33
23,10,133:130,88.36,11
23,10,130:20,35.50,10
23,10,20:87,16.60,10
23,10,87:37,132.00,10
23,13,137:133,85.98,98
23,13,133:18,174.55,64
23,13,18:17,116.47,62
23,13,17:37,112.51,61
23,13,37:14,115.43,80
23,13,14:112,6.35,80
23,13,112:89,45.11,79
23,13,89:31,4.84,79
23,13,133:130,109.12,26
23,13,130:20,34.88,25
23,13,20:87,17.32,25
23,13,87:37,134.08,24
23,14,137:133,125.00,225
23,14,133:130,84.00,223
23,14,130:20,35.50,223
23,14,20:87,8.69,223
23,14,87:88,4.23,223
23,14,88:93,5.00,223
23,14,133:18,97.43,7
23,14,18:19,52.29,7
23,14,19:134,20.43,7
23,14,134:133,34.43,7
23,15,137:133,89.07,312
23,15,133:18,219.67,205
23,15,18:17,135.69,193
23,15,17:37,111.48,186
23,15,37:14,121.52,254
23,15,14:112,6.37,254
23,15,112:89,45.45,241
23,15,89:31,4.89,241
23,15,31:72,8.07,241
23,15,133:130,84.18,88
23,15,130:20,33.58,85
23,15,20:87,14.93,85
23,15,87:37,152.64,80
23,16,137:133,61.47,94
23,16,133:18,138.75,72
23,16,18:17,38.41,71
23,16,17:16,10.23,71
23,16,16:36,3.49,71
23,16,36:24,40.96,71
23,16,24:32,8.73,71
23,16,32:65,3.61,71
23,16,65:70,17.15,71
23,24,137:133,62.08,110
23,24,133:18,191.90,97
23,24,18:17,121.18,90
23,24,17:37,52.89,89
23,24,37:87,41.34,89
23,24,87:20,52.02,87
23,24,20:130,19.08,87
23,24,130:131,11.31,87
23,24,133:130,86.00,1
23,26,137:133,81.86,93
23,26,133:18,197.94,72
23,26,18:17,124.84,69
23,26,17:37,53.88,68
23,26,37:2,89.30,50
23,26,133:130,83.00,14
23,26,130:20,35.00,13
23,26,20:87,30.31,13
23,26,87:37,77.46,13
23,27,137:133,88.33,21
23,27,133:18,124.31,13
23,27,18:17,84.54,13
23,27,17:37,106.70,10
23,27,37:14,132.38,16
23,27,14:112,7.13,16
23,27,112:89,65.43,14
23,27,89:90,15.50,12
23,27,90:40,81.10,10
23,27,17:16,7.67,3
23,27,16:36,3.00,3
23,27,36:24,28.67,3
23,27,24:32,2.67,3
23,27,32:65,3.33,3
23,27,65:67,0.67,3
23,27,67:69,1.00,3
23,27,69:68,1067.67,3
23,27,68:101,91.67,3
23,27,133:130,73.57,7
23,27,130:20,29.29,7
23,27,20:87,36.57,7
23,27,87:37,144.57,7
23,28,137:133,81.98,102
23,28,133:18,182.90,70
23,28,18:17,120.09,68
23,28,17:37,115.09,66
23,28,37:14,137.07,88
23,28,14:112,5.47,88
23,28,112:120,2.76,88
23,28,133:130,99.55,31
23,28,130:20,34.00,27
23,28,20:87,18.04,27
23,28,87:37,142.00,27
26,2,145:22,179.00,12
26,2,22:21,17.25,4
26,2,21:20,12.83,6
26,2,20:130,27.40,5
26,2,130:75,55.20,5
26,2,22:38,86.24,17
26,2,38:75,35.14,29
26,2,75:42,18.79,34
26,2,42:128,10.09,34
26,4,145:22,108.25,8
26,4,22:21,15.10,10
26,4,21:20,21.22,18
26,4,20:87,18.00,14
26,4,87:37,107.54,13
26,4,37:2,124.82,17
26,4,2:9,44.29,17
26,4,20:18,96.50,4
26,4,18:17,294.25,4
26,4,17:37,50.00,4
26,4,22:38,58.38,8
26,4,38:39,196.96,26
26,4,39:23,46.27,26
26,4,23:77,12.38,26
26,4,77:9,23.38,26
26,4,9:84,8.49,43
26,6,145:22,74.68,31
26,6,22:21,18.54,26
26,6,21:20,14.44,39
26,6,20:87,14.59,32
26,6,87:37,118.50,30
26,6,37:2,126.30,37
26,6,2:9,50.38,37
26,6,20:18,136.57,7
26,6,18:17,255.00,7
26,6,17:37,60.43,7
26,6,22:38,66.32,34
26,6,38:39,168.76,58
26,6,39:23,51.09,58
26,6,23:77,12.31,58
26,6,77:9,34.00,58
26,6,9:11,16.22,95
26,6,11:6,18.69,95
26,6,6:10,10.62,92
26,6,10:7,30.29,87
26,6,7:47,13.57,87
26,9,145:22,61.27,11
26,9,22:21,13.09,11
26,9,21:20,17.05,19
26,9,20:87,17.59,17
26,9,87:37,120.88,16
26,9,37:14,148.00,12
26,9,14:112,6.08,12
26,9,112:89,51.20,10
26,9,89:90,13.20,10
26,9,90:40,106.22,9
26,9,40:43,8.00,9
26,9,43:51,3.89,9
26,9,51:94,2.89,9
26,9,94:41,23.11,9
26,9,41:83,16.91,33
26,9,83:12,38.18,33
26,9,12:115,19.51,35
26,9,37:2,88.00,6
26,9,2:9,46.00,6
26,9,20:18,174.50,2
26,9,18:17,290.00,2
26,9,17:37,61.00,2
26,9,22:38,122.82,11
26,9,38:39,213.93,27
26,9,39:23,46.56,27
26,9,23:77,11.89,27
26,9,77:9,19.30,27
26,9,9:11,19.06,33
26,9,11:6,15.03,33
26,9,6:10,10.15,33
26,9,10:7,28.33,33
26,9,7:8,59.20,30
26,9,8:123,37.48,29
26,9,123:41,18.85,26
26,9,41:86,10.50,2
26,9,86:48,5.50,2
26,9,48:12,160.00,2
26,10,145:22,68.25,8
26,10,22:21,14.43,7
26,10,21:20,22.82,11
26,10,20:87,42.45,11
26,10,87:37,143.20,10
26,10,37:2,113.20,10
26,10,2:9,36.90,10
26,10,22:38,65.79,14
26,10,38:39,150.31,26
26,10,39:23,48.50,26
26,10,23:77,12.23,26
26,10,77:9,21.73,26
26,10,9:11,19.81,36
26,10,11:6,17.89,36
26,10,6:10,13.06,36
26,10,10:7,32.44,36
26,10,7:8,54.86,36
26,10,8:123,25.28,36
26,10,123:41,21.19,36
26,10,41:86,8.17,36
26,10,86:48,4.17,36
26,10,48:110,8.78,36
26,10,110:71,10.03,36
26,14,145:22,43.40,5
26,14,22:21,14.73,15
26,14,21:20,23.71,17
26,14,20:87,7.82,17
26,14,87:88,3.94,17
26,14,88:93,4.76,17
26,14,38:39,211.33,9
26,14,39:23,118.14,7
26,14,23:22,14.29,7
26,22,22:21,20.50,4
26,22,21:20,13.33,6
26,22,20:18,19.50,6
26,22,18:19,43.83,6
26,22,19:134,19.67,6
26,22,134:135,9.50,6
26,22,38:39,200.50,2
26,22,39:23,126.00,2
26,22,23:22,20.00,2
26,24,145:22,78.49,65
26,24,22:21,26.85,245
26,24,21:20,18.51,312
26,24,20:130,34.20,304
26,24,130:131,11.80,301
26,24,38:39,234.39,112
26,24,39:23,153.29,108
26,24,23:22,16.47,108
26,25,145:22,89.95,40
26,25,22:21,24.91,11
26,25,21:20,14.82,38
26,25,20:130,34.30,37
26,25,130:75,44.59,37
26,25,75:125,17.32,167
26,25,22:38,39.73,66
26,25,38:75,38.95,132
27,6,7:10,77.25,4
27,6,10:6,113.50,4
27,6,6:4,32.50,4
27,6,4:3,31.50,4
27,6,3:2,48.75,4
27,6,2:9,8.75,4
27,6,9:11,12.75,4
27,6,11:6,4.25,4
27,6,6:10,8.50,4
27,6,10:7,10.50,4
27,6,7:47,14.40,15
27,6,44:43,5.60,5
27,6,43:51,6.00,5
27,6,51:94,2.60,5
27,6,94:41,31.29,7
27,6,41:123,66.14,7
27,6,123:8,52.86,7
27,6,8:7,236.20,5
27,6,59:58,2.00,2
27,6,58:94,3.50,2
27,9,7:8,39.56,135
27,9,8:123,25.03,131
27,9,123:41,28.04,128
27,9,41:83,17.19,188
27,9,83:12,30.76,188
27,9,12:115,19.23,197
27,9,41:86,11.11,9
27,9,86:48,5.00,9
27,9,48:12,110.00,9
27,9,44:43,3.36,39
27,9,43:51,5.74,39
27,9,51:94,2.33,39
27,9,94:41,31.38,69
27,9,59:58,1.93,30
27,9,58:94,3.97,30
27,10,7:8,64.00,3
27,10,8:123,7.00,3
27,10,123:41,51.67,3
27,10,41:86,9.00,3
27,10,86:48,4.33,3
27,10,48:110,8.67,3
27,10,110:71,10.00,3
27,25,7:10,84.95,76
27,25,10:6,130.63,70
27,25,6:4,36.52,69
27,25,4:3,36.45,67
27,25,3:2,52.08,65
27,25,2:145,41.58,65
27,25,145:22,88.75,64
27,25,22:38,38.34,61
27,25,38:75,47.20,61
27,25,75:125,16.97,64
27,25,22:21,44.00,3
27,25,21:20,73.33,3
27,25,20:130,35.00,3
27,25,130:75,55.00,3
27,25,44:43,4.15,20
27,25,43:51,6.00,20
27,25,51:94,2.30,20
27,25,94:41,56.93,45
27,25,41:123,74.88,41
27,25,123:8,59.89,36
27,25,8:7,350.96,23
27,25,59:58,1.60,25
27,25,58:94,3.96,25
28,4,76:1,2.00,1
28,4,1:90,5.00,1
28,4,122:26,11.00,1
28,4,26:14,25.00,1
28,4,14:37,73.00,1
28,4,37:87,30.00,1
28,4,87:20,6.00,1
28,4,20:18,12.00,1
28,4,18:17,62.00,1
28,4,17:37,69.00,1
28,4,37:2,26.00,1
28,4,2:9,66.00,1
28,4,9:84,9.00,1
28,8,76:1,2.32,19
28,8,1:90,7.83,18
28,8,90:40,103.52,33
28,8,40:43,7.85,33
28,8,43:51,4.03,33
28,8,51:94,2.91,33
28,8,122:26,15.33,6
28,8,26:14,78.20,5
28,8,14:112,5.00,5
28,8,112:89,20.50,4
28,8,89:90,5.00,4
28,8,121:5,381.67,3
28,8,5:6,45.67,3
28,8,6:4,33.67,3
28,8,4:3,114.00,3
28,8,3:2,148.00,3
28,8,2:9,8.33,3
28,8,9:11,11.00,3
28,8,11:6,4.00,3
28,8,6:10,8.67,3
28,8,10:7,37.67,3
28,8,7:8,61.00,3
28,8,8:123,55.00,3
28,8,123:41,6.33,3
28,8,144:59,11.00,9
28,8,59:58,2.11,9
28,8,58:94,4.56,9
28,8,94:41,28.43,42
28,8,41:83,18.84,45
28,8,83:12,19.64,45
28,8,12:111,15.24,45
28,8,107:106,4.29,14
28,8,106:113,25.58,12
28,8,113:114,70.91,11
28,8,114:96,7.55,11
28,8,96:90,9.73,11
28,9,76:1,2.17,41
28,9,1:90,8.68,37
28,9,90:40,95.00,52
28,9,40:43,7.88,52
28,9,43:51,4.04,52
28,9,51:94,2.83,52
28,9,94:41,30.80,71
28,9,41:83,18.42,77
28,9,83:12,14.44,77
28,9,12:115,19.54,76
28,9,122:26,21.56,9
28,9,26:14,91.33,6
28,9,14:112,5.00,6
28,9,112:89,19.67,6
28,9,89:90,49.00,5
28,9,121:5,247.83,6
28,9,5:6,55.83,6
28,9,6:4,23.00,6
28,9,4:3,33.83,6
28,9,3:2,34.67,6
28,9,2:9,20.83,6
28,9,9:11,17.67,6
28,9,11:6,4.33,6
28,9,6:10,9.17,6
28,9,10:7,30.50,6
28,9,7:8,77.67,6
28,9,8:123,19.83,6
28,9,123:41,38.67,6
28,9,144:59,10.53,19
28,9,59:58,2.21,19
28,9,58:94,4.37,19
28,9,107:106,5.11,18
28,9,106:113,41.33,15
28,9,113:114,40.55,11
28,9,114:96,18.64,11
28,9,96:90,8.60,10
28,10,76:1,1.50,6
28,10,1:90,4.17,6
28,10,90:40,109.50,8
28,10,40:7,29.50,8
28,10,7:8,41.78,9
28,10,8:123,14.44,9
28,10,123:41,32.33,9
28,10,41:86,9.00,9
28,10,86:48,4.56,9
28,10,48:110,8.56,9
28,10,110:71,10.22,9
28,10,122:26,28.00,2
28,10,26:14,78.00,1
28,10,14:112,5.00,1
28,10,112:89,9.00,1
28,10,89:90,4.00,1
28,10,121:5,560.00,1
28,10,144:59,10.75,4
28,10,59:58,2.00,4
28,10,58:94,4.00,4
28,10,94:41,49.33,3
28,10,41:123,137.50,2
28,10,123:8,4.00,1
28,10,8:7,13.00,1
28,10,7:10,76.00,1
28,10,10:6,196.00,1
28,10,6:4,11.00,1
28,10,4:3,41.00,1
28,10,3:2,22.00,1
28,10,2:9,5.00,1
28,10,9:11,14.00,1
28,10,11:6,4.00,1
28,10,6:10,9.00,1
28,10,10:7,7.00,1
28,10,107:106,5.00,2
28,10,106:113,7.00,1
28,10,113:114,12.00,1
28,10,114:96,3.00,1
28,10,96:90,2.00,1
28,15,76:1,1.50,6
28,15,1:90,4.67,6
28,15,90:40,79.50,6
28,15,40:5,16.00,1
28,15,5:6,2.00,1
28,15,6:4,10.00,3
28,15,4:3,10.00,3
28,15,3:2,15.00,3
28,15,2:145,10.67,3
28,15,145:22,33.67,3
28,15,22:21,11.67,3
28,15,21:20,13.00,3
28,15,20:87,5.67,3
28,15,87:37,35.00,3
28,15,37:14,115.00,3
28,15,14:112,7.00,4
28,15,112:89,35.50,4
28,15,89:31,4.75,4
28,15,31:72,7.78,9
28,15,40:7,265.60,5
28,15,7:8,38.75,4
28,15,8:123,6.25,4
28,15,123:41,45.00,4
28,15,41:86,9.25,4
28,15,86:48,6.75,4
28,15,48:12,136.75,4
28,15,12:83,42.50,4
28,15,83:41,86.50,4
28,15,41:73,14.00,1
28,15,73:85,3.00,1
28,15,85:63,468.00,1
28,15,63:54,18.00,1
28,15,41:53,97.50,2
28,15,53:50,39.00,2
28,15,50:54,4.00,2
28,15,54:113,4.00,3
28,15,113:114,14.00,5
28,15,114:31,7.80,5
28,15,122:26,52.00,2
28,15,26:14,108.00,1
28,15,144:59,11.00,2
28,15,59:58,2.00,2
28,15,58:94,4.50,2
28,15,94:41,30.50,2
28,15,41:123,7.00,2
28,15,123:8,3.00,2
28,15,8:7,19.50,2
28,15,7:10,74.00,3
28,15,10:6,58.00,2
28,15,107:106,6.00,4
28,15,106:113,5.00,2
28,16,76:1,2.13,8
28,16,1:90,10.43,7
28,16,90:40,106.00,5
28,16,40:5,134.60,5
28,16,5:6,56.60,5
28,16,6:4,25.00,6
28,16,4:3,44.50,6
28,16,3:2,68.00,6
28,16,2:145,104.83,6
28,16,145:22,63.17,6
28,16,22:21,16.67,6
28,16,21:20,19.17,6
28,16,20:18,28.20,5
28,16,18:17,43.60,5
28,16,17:16,6.00,5
28,16,16:36,3.86,7
28,16,36:24,30.86,7
28,16,24:32,15.00,7
28,16,32:65,3.75,8
28,16,65:70,19.38,8
28,16,122:26,8.00,2
28,16,26:14,131.00,2
28,16,14:15,7.00,2
28,16,15:16,4.50,2
28,16,144:59,11.75,4
28,16,59:58,2.25,4
28,16,58:94,3.75,4
28,16,94:41,62.50,4
28,16,41:123,231.00,2
28,16,123:8,9.00,1
28,16,8:7,164.00,1
28,16,7:10,214.00,1
28,16,10:6,121.00,1
28,16,107:106,7.00,2
28,16,106:113,21.00,2
28,16,113:114,11.00,1
28,16,114:31,3.00,1
28,16,31:32,32.00,1
28,22,76:1,3.00,3
28,22,1:90,25.33,3
28,22,90:40,63.00,1
28,22,40:5,119.00,1
28,22,5:6,102.00,1
28,22,6:4,11.00,1
28,22,4:3,13.00,1
28,22,3:2,46.00,1
28,22,2:145,131.00,1
28,22,145:22,77.00,1
28,22,22:21,17.00,1
28,22,21:20,29.00,1
28,22,122:26,22.00,1
28,22,26:14,26.00,1
28,22,14:37,73.00,1
28,22,37:87,47.00,1
28,22,87:20,80.00,1
28,22,20:18,26.00,2
28,22,18:19,41.50,2
28,22,19:134,18.50,2
28,22,134:135,9.50,2
28,22,107:106,8.00,1
28,22,106:113,178.00,1
28,24,76:1,1.38,8
28,24,1:90,6.38,8
28,24,90:40,118.33,12
28,24,40:5,119.00,8
28,24,5:6,52.22,9
28,24,6:4,19.15,13
28,24,4:3,45.23,13
28,24,3:2,56.69,13
28,24,2:145,41.92,13
28,24,145:22,73.62,13
28,24,22:21,20.77,13
28,24,21:20,36.08,13
28,24,20:130,30.43,14
28,24,130:131,11.46,13
28,24,40:7,874.33,3
28,24,7:10,158.17,6
28,24,10:6,64.75,4
28,24,122:26,43.00,1
28,24,26:14,25.00,1
28,24,14:37,81.00,1
28,24,37:87,26.00,1
28,24,87:20,8.00,1
28,24,121:5,555.67,3
28,24,144:59,10.70,10
28,24,59:58,2.10,10
28,24,58:94,4.50,10
28,24,94:41,63.75,8
28,24,41:123,117.71,7
28,24,123:8,71.17,6
28,24,8:7,194.60,5
28,24,107:106,4.00,6
28,24,106:113,44.83,6
28,24,113:114,41.17,6
28,24,114:96,4.40,5
28,24,96:90,8.60,5
28,25,76:1,2.38,8
28,25,1:90,5.75,8
28,25,90:40,116.71,7
28,25,40:5,92.67,6
28,25,40:7,321.00,1
28,25,7:10,307.50,2
28,25,10:6,100.00,1
28,25,122:26,13.33,3
28,25,26:14,65.33,3
28,25,14:37,55.00,3
28,25,37:87,23.33,3
28,25,87:20,4.50,2
28,25,20:130,30.50,4
28,25,130:75,43.50,4
28,25,75:125,17.09,11
28,25,121:5,95.33,3
28,25,5:6,62.78,9
28,25,6:4,19.90,10
28,25,4:3,41.50,10
28,25,3:2,84.50,10
28,25,2:145,133.10,10
28,25,145:22,113.33,9
28,25,22:38,35.29,7
28,25,38:75,56.14,7
28,25,22:21,41.50,2
28,25,21:20,5.00,2
28,25,144:59,12.00,3
28,25,59:58,2.00,3
28,25,58:94,4.67,3
28,25,94:41,70.33,3
28,25,41:123,148.00,3
28,25,123:8,275.00,2
28,25,8:7,645.00,1
28,25,107:106,4.50,2
28,25,106:113,11.50,2
28,25,113:114,11.00,1
28,25,114:96,3.00,1
28,25,96:90,2.00,1
28,26,76:1,1.67,3
28,26,1:90,10.33,3
28,26,121:5,15.00,1
28,26,144:59,11.00,1
28,26,59:58,2.00,1
28,26,58:94,4.00,1
28,26,94:41,12.00,1
28,26,41:123,7.00,1
28,26,123:8,3.00,1
28,26,8:7,14.00,1
28,26,7:10,61.00,1
28,26,10:6,106.00,1
28,26,107:106,3.00,1
28,26,106:113,5.00,1
28,26,113:114,11.00,1
28,26,114:96,2.00,1
28,26,96:90,3.00,1
28,26,90:40,79.67,3
28,26,40:5,20.50,2
28,26,5:6,43.00,3
28,26,6:4,25.50,4
28,26,4:3,8.00,4
28,26,3:2,21.75,4
28,26,40:7,1298.00,1
